Date,Total Cases,New Cases,New Death,Total Death
8/25/2019,5940,1299,0,0
8/26/2019,5562,1251,1,1
8/27/2019,5322,1299,0,1
8/28/2019,5222,1157,0,1
8/29/2019,5030,1189,3,4
8/30/2019,4697,1025,0,4
8/31/2019,4860,760,0,4
9/1/2019,4254,902,2,6
9/2/2019,3931,865,1,7
9/3/2019,3746,783,1,8
9/4/2019,3588,820,2,10
9/5/2019,3371,788,1,11
9/6/2019,3337,793,3,14
9/7/2019,3447,607,1,15
9/8/2019,3226,761,0,15
9/9/2019,3091,716,1,16
9/10/2019,3072,753,2,18
9/11/2019,3165,634,2,20
9/12/2019,3029,750,1,21
9/13/2019,2900,672,1,22
9/14/2019,2996,527,1,23
9/15/2019,2546,619,1,24
9/16/2019,2507,653,0,24
9/17/2019,2485,615,2,26
9/18/2019,2360,536,1,27
9/19/2019,2226,491,0,27
9/20/2019,2158,508,0,27
9/21/2019,2252,408,0,27
9/22/2019,2099,430,1,28
9/23/2019,2018,461,0,28
9/24/2019,1928,469,0,28
9/25/2019,1745,398,0,28
9/26/2019,1704,388,1,29
9/27/2019,1557,360,0,29
9/28/2019,1709,360,0,29
9/29/2019,1577,342,0,29
9/30/2019,1481,348,0,29
10/1/2019,1472,371,1,30
10/2/2019,1460,336,0,30
10/3/2019,1419,361,0,30
10/4/2019,1398,326,0,30
10/5/2019,1477,269,1,31
10/6/2019,1338,314,2,33
10/7/2019,1327,348,0,33
10/8/2019,1316,267,0,33
10/9/2019,1339,258,1,34
10/10/2019,1294,316,0,34
10/11/2019,1218,238,0,34
10/12/2019,1233,226,1,35
10/13/2019,1132,287,0,35
10/14/2019,1154,300,0,35
10/15/2019,1194,301,0,35
10/16/2019,1173,283,1,36
10/17/2019,1101,248,2,38
10/18/2019,1018,178,0,38
10/19/2019,1053,184,0,38
10/20/2019,974,229,1,39
10/21/2019,916,217,0,39
10/22/2019,938,222,0,39
10/23/2019,930,236,0,39
10/24/2019,942,210,0,39
10/25/2019,866,186,1,40
10/26/2019,952,203,0,40
10/27/2019,954,257,0,40
10/28/2019,913,251,0,40
10/29/2019,935,248,1,41
10/30/2019,963,263,0,41
10/31/2019,926,213,1,42
11/1/2019,909,215,0,42
11/2/2019,965,151,1,43
11/3/2019,900,184,,
11/4/2019,842,174,,
11/5/2019,814,189,,
11/6/2019,766,184,,
11/7/2019,752,198,,
11/8/2019,760,149,,
11/9/2019,796,143,,
11/10/2019,774,118,,
11/11/2019,755,128,,
11/12/2019,713,157,,
11/13/2019,680,167,,
11/14/2019,678,150,,
11/15/2019,623,97,,
11/16/2019,671,136,,
11/17/2019,654,143,,
11/18/2019,608,120,,
11/19/2019,577,124,,
11/20/2019,570,117,,
11/21/2019,565,123,,
11/22/2019,559,100,,
11/23/2019,565,90,,
11/24/2019,536,92,,
11/25/2019,537,112,,
11/26/2019,519,98,,
11/27/2019,505,108,,
11/28/2019,475,85,,
11/29/2019,451,73,,
11/30/2019,456,86,,
12/1/2019,425,94,,
12/2/2019,394,81,,
12/3/2019,383,79,,
12/4/2019,373,75,,
12/5/2019,385,88,,
12/6/2019,344,43,,
12/7/2019,342,46,,
12/8/2019,325,62,,
12/9/2019,301,67,,
12/10/2019,260,50,,
12/11/2019,243,36,,
12/12/2019,236,51,,
12/13/2019,220,44,,
12/14/2019,243,42,,
12/15/2019,226,37,,
12/16/2019,215,25,,
12/17/2019,211,49,,
12/18/2019,187,37,,
12/19/2019,170,32,,
12/20/2019,177,29,,
12/21/2019,162,16,,
12/22/2019,140,19,,
12/23/2019,127,35,,
12/24/2019,107,12,,
12/25/2019,97,17,,
12/26/2019,98,24,,
12/27/2019,102,22,,
12/28/2019,91,10,,
12/29/2019,74,5,,
12/30/2019,60,10,,
12/31/2019,51,10,,
1/1/2020,7,7,0,43
1/2/2020,22,15,0,43
1/3/2020,25,6,0,43
1/4/2020,43,21,0,43
1/5/2020,48,13,0,43
1/6/2020,45,10,0,43
1/7/2020,47,19,0,43
1/8/2020,44,5,0,43
1/9/2020,51,14,0,43
1/10/2020,50,6,0,43
1/11/2020,52,14,0,43
1/12/2020,42,3,0,43
1/13/2020,46,10,0,43
1/14/2020,43,3,0,43
1/15/2020,37,4,0,43
1/16/2020,29,0,0,43
1/17/2020,26,1,0,43
1/18/2020,26,3,0,43
1/19/2020,25,4,0,43
1/20/2020,23,2,0,43
1/21/2020,20,4,0,43
1/22/2020,14,2,0,43
1/23/2020,16,4,0,43
1/24/2020,16,1,0,43
1/25/2020,16,4,0,43
1/26/2020,11,2,0,43
1/27/2020,16,7,0,43
1/28/2020,18,6,0,43
1/29/2020,18,1,0,43
1/30/2020,14,4,0,43
1/31/2020,,,,
2/4/2021,5,2,0,43
12/13/2021,179,42,0,43
12/14/2021,180,40,0,43
12/15/2021,166,27,0,43
12/16/2021,160,17,0,43
12/17/2021,168,14,0,43
12/18/2021,164,28,0,43
12/19/2021,155,50,0,43
12/20/2021,134,39,0,43
12/21/2021,116,13,2,45
12/22/2021,114,70,1,46
12/23/2021,113,24,0,46
12/24/2021,102,7,0,46
12/25/2021,107,18,0,46
12/26/2021,90,9,0,46
12/27/2021,84,11,0,46
12/28/2021,78,15,0,46
12/29/2021,77,11,0,46
12/30/2021,63,31,1,47
12/31/2021,59,4,0,47
1/1/2022,52,4,0,47
1/2/2022,64,11,0,47
1/3/2022,62,29,0,47
1/4/2022,47,4,0,47
1/5/2022,48,4,0,47
1/6/2022,52,9,0,47
1/7/2022,52,1,0,47
1/8/2022,48,2,0,47
1/9/2022,43,7,0,47
1/10/2022,42,3,0,47
1/11/2022,43,3,0,47
1/12/2022,39,14,0,47
1/13/2022,35,3,0,47
1/14/2022,34,1,0,47
1/15/2022,35,5,0,47
1/16/2022,34,2,0,47
1/17/2022,32,2,0,47
1/18/2022,26,4,0,47
1/19/2022,28,7,0,47
1/20/2022,27,1,0,47
1/21/2022,23,0,0,47
1/22/2022,19,0,0,47
1/23/2022,15,2,0,47
1/24/2022,10,3,0,47
1/25/2022,10,1,0,47
1/26/2022,6,0,0,47
1/27/2022,5,1,0,47
1/28/2022,6,2,0,47
1/29/2022,5,0,0,47
1/30/2022,4,0,0,47
1/31/2022,2,1,0,47
2/1/2022,1,0,0,47
2/2/2022,3,2,0,47
2/3/2022,5,2,0,47
2/4/2022,5,0,0,47
2/5/2022,6,2,0,47
2/6/2022,4,1,0,47
2/7/2022,2,0,0,47
2/8/2022,2,0,0,47
2/9/2022,2,0,0,47
2/10/2022,1,0,0,47
2/11/2022,1,0,0,47
2/12/2022,6,5,0,47
2/13/2022,5,1,0,47
2/14/2022,7,2,0,47
2/15/2022,8,1,0,47
2/16/2022,6,0,0,47
2/17/2022,4,0,0,47
2/18/2022,4,0,0,47
2/19/2022,3,0,0,47
2/20/2022,3,0,0,47
2/21/2022,3,0,0,47
2/22/2022,1,1,0,47
2/23/2022,3,2,0,47
2/24/2022,3,0,0,47
2/25/2022,3,0,0,47
2/26/2022,3,0,0,47
2/27/2022,2,0,0,47
2/28/2022,2,0,0,47
3/1/2022,1,0,0,47
3/2/2022,2,1,0,47
3/3/2022,1,0,0,47
3/4/2022,1,0,0,47
3/5/2022,1,0,0,47
3/6/2022,3,3,0,47
3/7/2022,2,0,0,47
3/8/2022,2,0,0,47
3/9/2022,3,1,0,47
3/10/2022,4,1,0,47
3/11/2022,6,2,0,47
3/12/2022,6,0,0,47
3/13/2022,6,0,0,47
3/14/2022,6,0,0,47
3/15/2022,4,0,0,47
3/16/2022,5,1,0,47
3/17/2022,3,0,0,47
3/18/2022,3,0,0,47
3/19/2022,2,0,0,47
3/20/2022,2,0,0,47
3/21/2022,0,0,0,47
3/22/2022,0,0,0,47
3/23/2022,2,2,0,47
3/24/2022,3,1,0,47
3/25/2022,3,0,0,47
3/26/2022,4,1,0,47
3/27/2022,5,1,0,47
3/28/2022,5,0,0,47
3/29/2022,6,2,0,47
3/30/2022,7,4,0,47
3/31/2022,6,0,0,47
4/1/2022,6,0,0,47
4/2/2022,4,0,0,47
4/3/2022,6,2,0,47
4/4/2022,4,0,0,47
4/5/2022,4,0,0,47
4/6/2022,1,0,0,47
4/7/2022,2,1,0,47
4/8/2022,1,0,0,47
4/9/2022,1,0,0,47
4/10/2022,3,2,0,47
4/11/2022,3,1,0,47
4/12/2022,3,0,0,47
4/13/2022,3,2,0,47
4/14/2022,3,0,0,47
4/15/2022,3,0,0,47
4/16/2022,4,2,0,47
4/17/2022,4,1,0,47
4/18/2022,4,1,0,47
4/19/2022,3,0,0,47
4/20/2022,4,2,0,47
4/21/2022,4,2,0,47
4/22/2022,4,0,0,47
4/23/2022,4,0,0,47
4/24/2022,4,1,0,47
4/25/2022,5,2,0,47
4/26/2022,7,3,0,47
4/27/2022,8,1,0,47
4/28/2022,6,0,0,47
4/29/2022,5,0,0,47
4/30/2022,5,0,0,47
5/1/2022,5,0,0,47
5/2/2022,5,0,0,47
5/3/2022,5,0,0,47
5/4/2022,5,0,0,47
5/5/2022,4,1,0,47
5/6/2022,5,1,0,47
5/7/2022,3,0,0,47
5/8/2022,7,5,0,47
5/9/2022,8,1,0,47
5/10/2022,8,2,0,47
5/11/2022,3,0,0,47
5/12/2022,1,0,0,47
5/13/2022,2,1,0,47
5/14/2022,5,3,0,47
5/15/2022,5,1,0,47
5/16/2022,13,8,0,47
5/17/2022,21,12,0,47
5/18/2022,25,5,0,47
5/19/2022,28,5,0,47
5/20/2022,23,0,0,47
5/21/2022,29,9,0,47
5/22/2022,27,6,0,47
5/23/2022,34,15,0,47
5/24/2022,37,12,0,47
5/25/2022,38,6,0,47
5/26/2022,34,7,0,47
5/27/2022,33,6,0,47
5/28/2022,43,15,0,47
5/29/2022,43,10,0,47
5/30/2022,51,18,0,47
5/31/2022,49,14,0,47
6/1/2022,49,9,0,47
6/2/2022,53,20,0,47
6/3/2022,61,17,0,47
6/4/2022,70,13,0,47
6/5/2022,69,15,0,47
6/6/2022,80,20,0,47
6/7/2022,75,17,0,47
6/8/2022,73,16,0,47
6/9/2022,83,31,0,47
6/10/2022,81,17,0,47
6/11/2022,90,20,0,47
6/12/2022,85,24,0,47
6/13/2022,78,18,0,47
6/14/2022,75,18,0,47
6/15/2022,69,22,0,47
6/16/2022,90,31,0,47
6/17/2022,104,29,0,47
6/18/2022,115,40,0,47
6/19/2022,122,24,0,47
6/20/2022,114,27,0,47
6/21/2022,110,27,1,48
6/22/2022,113,27,0,48
6/23/2022,109,29,0,48
6/24/2022,110,21,0,48
6/25/2022,127,35,0,48
6/26/2022,118,32,0,48
6/27/2022,114,17,0,48
6/28/2022,139,47,0,48
6/29/2022,128,40,0,48
6/30/2022,128,33,0,48
7/1/2022,118,22,0,48
7/2/2022,151,49,0,48
7/3/2022,133,42,0,48
7/4/2022,144,36,0,48
7/5/2022,152,46,0,48
7/6/2022,149,32,0,48
7/7/2022,132,31,0,48
7/8/2022,121,29,0,48
7/9/2022,128,17,0,48
7/10/2022,109,4,0,48
7/11/2022,91,7,0,48
7/12/2022,141,73,0,48
7/13/2022,169,51,0,48
7/14/2022,179,51,0,48
7/15/2022,186,31,0,48
7/16/2022,220,60,0,48
7/17/2022,222,53,2,50
7/18/2022,234,66,0,50
7/19/2022,224,51,2,52
7/20/2022,244,70,0,52
7/21/2022,264,69,0,52
7/22/2022,276,35,0,52
7/23/2022,319,67,1,53
7/24/2022,299,65,0,53
7/25/2022,276,60,1,54
7/26/2022,301,99,1,55
7/27/2022,311,61,0,55
7/28/2022,311,64,0,55
7/29/2022,336,65,0,55
7/30/2022,332,85,1,56
7/31/2022,328,80,1,57
8/1/2022,344,87,0,57
8/2/2022,322,65,2,59
8/3/2022,333,77,0,59
8/4/2022,348,91,1,60
8/5/2022,363,40,1,61
8/6/2022,380,77,0,61
8/7/2022,387,87,1,62
8/8/2022,360,79,0,62
8/9/2022,356,53,0,62
8/10/2022,369,92,0,62
8/11/2022,364,90,1,63
8/12/2022,346,53,0,63
8/13/2022,355,92,0,63
8/14/2022,387,116,0,63
8/15/2022,397,96,0,63
8/16/2022,424,128,1,64
8/17/2022,414,98,0,64
8/18/2022,419,93,0,64
8/19/2022,398,54,0,64
8/20/2022,433,117,1,65
8/21/2022,454,135,1,66
8/22/2022,496,139,0,66
8/23/2022,516,153,0,66
8/24/2022,521,165,0,66
8/25/2022,572,180,0,66
8/26/2022,541,68,0,66
8/27/2022,586,133,0,66
8/28/2022,613,176,0,66
8/29/2022,668,201,1,67
8/30/2022,712,237,0,67
8/31/2022,784,251,1,68
9/1/2022,781,176,1,69
9/2/2022,776,90,0,69
9/3/2022,858,245,1,70
9/4/2022,857,213,0,70
9/5/2022,806,208,3,73
9/6/2022,850,284,5,78
9/7/2022,889,279,0,78
9/8/2022,886,275,0,78
9/9/2022,933,145,0,78
9/10/2022,1023,294,1,79
9/11/2022,1128,360,1,80
9/12/2022,1112,345,4,84
9/13/2022,1213,353,2,86
9/14/2022,1251,389,0,86
9/15/2022,1311,395,1,87
9/16/2022,1336,164,2,89
9/17/2022,1493,381,2,91
9/18/2022,1483,399,1,92
9/19/2022,1483,392,0,92
9/20/2022,1560,438,0,92
9/21/2022,1557,431,1,93
9/22/2022,1529,437,2,95
9/23/2022,1514,125,2,97
9/24/2022,1628,440,0,97
9/25/2022,1650,440,0,97
9/26/2022,1692,482,3,100
9/27/2022,1738,460,1,101
9/28/2022,1820,524,1,102
9/29/2022,1874,506,0,102
9/30/2022,1916,240,0,102
10/1/2022,2158,635,1,103
10/2/2022,2210,568,2,105
10/3/2022,2144,525,3,108
10/4/2022,2144,482,0,108
10/5/2022,2156,344,2,110
10/6/2022,2333,637,0,110
10/7/2022,2282,240,1,111
10/8/2022,2416,712,3,114
10/9/2022,2348,334,1,115
10/10/2022,2439,624,2,117
10/11/2022,2493,677,4,121
10/12/2022,2481,647,1,122
10/13/2022,2695,765,8,130
10/14/2022,2715,310,0,130
10/15/2022,2889,734,6,136
10/16/2022,2847,855,5,141
10/17/2022,3004,857,2,143
10/18/2022,3227,900,3,146
10/19/2022,3304,864,7,153
10/20/2022,3174,896,4,157
10/21/2022,3207,409,0,157
10/22/2022,3404,922,2,159
10/23/2022,3492,1034,1,160
10/24/2022,3482,903,5,165
10/25/2022,3416,750,0,165
10/26/2022,3380,923,2,167
10/27/2022,3480,899,3,170
10/28/2022,3539,440,5,175
10/29/2022,3597,869,6,181
10/30/2022,3630,1020,2,183
10/31/2022,3584,873,5,188
11/1/2022,3598,983,7,195
11/2/2022,3750,1094,4,199
11/3/2022,3676,882,9,208
11/4/2022,3660,428,1,209
11/5/2022,3737,788,5,214
11/6/2022,3368,908,3,217
11/7/2022,3270,875,7,224
11/8/2022,3223,820,5,229
11/9/2022,3144,796,5,234
11/10/2022,3248,888,5,239
11/11/2022,3252,266,1,240
11/12/2022,3275,918,6,246
11/13/2022,3189,859,3,249
11/14/2022,2989,760,3,252
11/15/2022,2851,692,8,260
11/16/2022,2821,675,3,263
11/17/2022,2842,685,1,264
11/18/2022,2715,250,3,267
11/19/2022,2764,559,6,273
11/20/2022,2478,646,4,277
11/21/2022,2351,606,4,281
11/22/2022,2231,515,3,284
11/23/2022,2082,477,3,287
11/24/2022,2022,519,1,288
11/25/2022,1969,221,1,289
11/26/2022,1988,462,2,291
11/27/2022,1929,523,3,294
11/28/2022,1837,366,0,294
11/29/2022,1827,436,3,297
11/30/2022,1803,426,4,301
12/1/2022,1744,380,0,301
12/2/2022,1727,120,0,301
12/3/2022,1710,351,0,301
12/4/2022,1463,410,3,304
12/5/2022,1332,308,0,304
12/6/2022,1227,269,1,305
12/7/2022,1171,253,2,307
12/8/2022,1212,246,3,310
12/9/2022,1217,118,0,310
12/10/2022,1181,265,3,313
12/11/2022,1060,220,0,313
12/12/2022,980,224,0,313
12/13/2022,994,220,1,314
12/14/2022,916,184,0,314
12/15/2022,803,163,2,316
12/16/2022,774,49,0,316
12/17/2022,748,125,2,318
12/18/2022,676,145,0,318
12/19/2022,645,113,0,318
12/20/2022,580,108,1,319
12/21/2022,573,126,1,320
12/22/2022,521,89,1,321
12/23/2022,516,39,0,321
12/24/2022,501,89,2,323
12/25/2022,485,49,0,323
12/26/2022,447,106,2,325
12/27/2022,395,62,3,328
12/28/2022,360,67,0,328
12/29/2022,359,65,0,328
12/30/2022,349,14,0,328
12/31/2022,338,47,0,328
1/1/2023,249,41,0,328
1/2/2023,228,38,0,328
1/3/2023,237,48,0,328
1/4/2023,212,49,0,328
1/5/2023,214,31,0,328
1/6/2023,212,8,0,328
1/7/2023,202,27,0,328
1/8/2023,176,27,0,328
1/9/2023,170,20,1,329
1/10/2023,165,32,0,329
1/11/2023,,21,0,329
1/12/2023,149,18,0,329
1/13/2023,127,10,1,330
1/14/2023,123,7,0,330
1/15/2023,120,22,1,331
1/16/2023,112,13,0,331
1/17/2023,93,12,0,331
1/18/2023,80,14,2,333
1/19/2023,75,16,0,333
1/20/2023,74,1,0,333
1/21/2023,74,11,1,334
1/22/2023,65,8,0,334
1/23/2023,53,15,0,334
1/24/2023,58,14,0,334
1/25/2023,51,12,0,334
1/26/2023,,8,0,334
1/27/2023,50,2,0,334
1/28/2023,50,6,0,334
1/29/2023,56,14,0,334
1/30/2023,52,7,0,334
1/31/2023,50,14,0,334
2/1/2023,44,2,0,334
2/2/2023,37,8,0,334
2/3/2023,38,2,0,334
2/4/2023,42,10,1,335
2/5/2023,32,5,1,336
2/6/2023,30,11,0,336
2/7/2023,31,7,0,336
2/8/2023,36,11,0,336
2/9/2023,34,6,0,336
2/10/2023,36,3,0,336
2/11/2023,42,13,0,336
2/12/2023,35,14,0,336
2/13/2023,30,5,0,336
2/14/2023,36,10,0,336
2/15/2023,41,9,0,336
2/16/2023,40,4,0,336
2/17/2023,36,0,0,336
2/18/2023,38,5,0,336
2/19/2023,34,4,0,336
2/20/2023,26,4,1,337
2/21/2023,19,1,0,337
2/22/2023,21,8,0,337
2/23/2023,22,5,0,337
2/24/2023,23,2,0,337
2/25/2023,24,4,0,337
2/26/2023,32,8,0,337
2/27/2023,26,3,0,337
2/28/2023,25,2,0,337
3/1/2023,27,3,0,337
3/2/2023,39,16,0,337
3/3/2023,31,1,0,337
3/4/2023,28,2,0,337
3/5/2023,26,4,0,337
3/6/2023,30,8,0,337
3/7/2023,28,2,0,337
3/8/2023,29,1,0,337
3/9/2023,31,7,0,337
3/10/2023,32,1,0,337
3/11/2023,30,2,0,337
3/12/2023,29,3,0,337
3/13/2023,30,4,0,337
3/14/2023,26,2,0,337
3/15/2023,21,5,0,337
3/16/2023,21,3,0,337
3/17/2023,21,0,0,337
3/18/2023,22,4,0,337
3/19/2023,22,7,0,337
3/20/2023,21,2,0,337
3/21/2023,18,4,0,337
3/22/2023,17,5,0,337
3/23/2023,16,1,0,337
3/24/2023,16,0,0,337
3/25/2023,22,6,0,337
3/26/2023,22,0,0,337
3/27/2023,22,4,0,337
3/28/2023,20,6,0,337
3/29/2023,19,2,0,337
3/30/2023,24,6,0,337
3/31/2023,21,0,0,337
4/1/2023,25,4,0,337
4/2/2023,15,3,0,337
4/3/2023,14,2,0,337
4/4/2023,15,5,0,337
4/5/2023,19,5,0,337
4/6/2023,24,12,0,337
4/7/2023,24,0,0,337
4/8/2023,20,1,0,337
4/9/2023,19,4,0,337
4/10/2023,22,9,0,337
4/11/2023,22,6,0,337
4/12/2023,25,4,0,337
4/13/2023,25,3,1,338
4/14/2023,25,0,0,338
4/15/2023,25,0,0,338
4/16/2023,24,7,0,338
4/17/2023,22,5,0,338
4/18/2023,25,7,0,338
4/19/2023,22,0,0,338
4/20/2023,22,1,0,338
4/21/2023,22,0,0,338
4/22/2023,22,0,0,338
4/23/2023,22,0,0,338
4/24/2023,26,9,0,338
4/25/2023,32,11,0,338
4/26/2023,33,8,0,338
4/27/2023,37,13,0,338
4/28/2023,37,0,0,338
4/29/2023,44,15,1,339
4/30/2023,44,9,0,339
5/1/2023,60,24,0,339
5/2/2023,78,27,0,339
5/3/2023,74,16,0,339
5/4/2023,72,9,0,339
5/5/2023,76,4,0,339
5/6/2023,85,14,0,339
5/7/2023,73,9,0,339
5/8/2023,83,34,0,339
5/9/2023,77,21,0,339
5/10/2023,88,28,0,339
5/11/2023,97,19,1,340
5/12/2023,97,5,0,340
5/13/2023,98,29,0,340
5/14/2023,96,18,0,340
5/15/2023,93,18,0,340
5/16/2023,100,31,0,340
5/17/2023,111,38,0,340
5/18/2023,127,29,0,340
5/19/2023,127,3,0,340
5/20/2023,162,52,0,340
5/21/2023,151,33,1,341
5/22/2023,148,40,0,341
5/23/2023,162,46,0,341
5/24/2023,164,35,0,341
5/25/2023,178,52,0,341
5/26/2023,178,4,0,341
5/27/2023,202,80,0,341
5/28/2023,209,67,0,341
5/29/2023,226,72,0,341
5/30/2023,246,84,0,341
5/31/2023,283,95,0,341
6/1/2023,336,112,0,341
6/2/2023,332,4,0,341
6/3/2023,397,141,0,341
6/4/2023,387,97,3,344
6/5/2023,392,101,1,345
6/6/2023,413,96,0,345
6/7/2023,480,147,2,347
6/8/2023,506,134,2,349
6/9/2023,510,11,0,349
6/10/2023,549,156,1,350
6/11/2023,603,189,2,352
6/12/2023,650,180,2,354
6/13/2023,703,211,1,355
6/14/2023,806,201,1,356
6/15/2023,937,285,1,357
6/16/2023,962,39,0,357
6/17/2023,1138,477,4,361
6/18/2023,1118,305,1,362
6/19/2023,1158,322,2,364
6/20/2023,1238,334,0,364
6/21/2023,1300,360,2,366
6/22/2023,1357,369,1,367
6/23/2023,1382,46,1,368
6/24/2023,1503,500,2,370
6/25/2023,1498,399,3,373
6/26/2023,1385,371,0,373
6/27/2023,1410,145,2,375
6/28/2023,1336,108,0,375
6/29/2023,1302,44,0,375
6/30/2023,1289,72,0,375
7/1/2023,1405,270,3,378
7/2/2023,1388,509,2,380
7/3/2023,1531,436,4,384
7/4/2023,1669,678,5,389
7/5/2023,1911,584,1,390
7/6/2023,2129,661,2,392
7/7/2023,2165,182,1,393
7/8/2023,2502,820,2,395
7/9/2023,2750,836,6,401
7/10/2023,3253,889,3,404
7/11/2023,3303,1054,7,411
7/12/2023,3791,1246,5,416
7/13/2023,4069,1239,5,421
7/14/2023,4220,449,0,421
7/15/2023,4947,1623,7,428
7/16/2023,4955,1424,6,434
7/17/2023,5441,1589,8,442
7/18/2023,5569,1533,13,455
7/19/2023,5552,1792,19,474
7/20/2023,5937,1755,9,483
7/21/2023,6076,896,1,484
7/22/2023,6656,2242,11,495
7/23/2023,7175,2292,9,504
7/24/2023,7463,2293,9,513
7/25/2023,7927,2418,16,529
7/26/2023,8189,2653,14,543
7/27/2023,8467,2361,10,553
7/28/2023,8676,1503,4,557
7/29/2023,8961,2202,10,567
7/30/2023,9418,2231,8,575
7/31/2023,9386,2694,4,579
8/1/2023,9264,2584,10,589
8/2/2023,9325,2711,12,601
8/3/2023,9210,2589,10,611
8/4/2023,9026,1757,10,621
8/5/2023,9334,2495,10,631
8/6/2023,9347,2764,10,641
8/7/2023,9572,2751,14,655
8/8/2023,9463,2742,13,668
8/9/2023,9427,2844,12,680
8/10/2023,9790,2959,12,692
8/11/2023,9675,2046,9,701
8/12/2023,9830,2432,14,715
8/13/2023,9733,2905,11,726
8/14/2023,9431,2480,18,744
8/15/2023,9117,1984,10,754
8/16/2023,9165,2149,9,763
8/17/2023,8661,2288,9,772
8/18/2023,7573,1565,9,781
8/19/2023,7895,1983,13,794
8/20/2023,7582,2134,10,804
8/21/2023,7686,2197,9,813
8/22/2023,7829,2168,8,821
8/23/2023,7825,2070,13,834
8/24/2023,7942,2201,8,842
8/25/2023,7934,1594,14,856
8/26/2023,8236,1960,9,865
8/27/2023,8299,2327,11,876
8/28/2023,8212,2331,8,884
8/29/2023,8218,2291,13,897
8/30/2023,8446,2367,7,904
8/31/2023,8378,2308,17,921
9/1/2023,8348,1534,4,925
9/2/2023,8632,2352,21,946
9/3/2023,8845,2608,16,962
9/4/2023,9069,2823,12,974
9/5/2023,9132,2782,11,985
9/6/2023,9127,2115,14,999
9/7/2023,9711,2689,20,1019
9/8/2023,9730,1876,15,1034
9/9/2023,10198,2748,10,1044
9/10/2023,9871,2993,14,1058
9/11/2023,9816,2944,11,1069
9/12/2023,10015,2956,11,1080
9/13/2023,9988,2944,15,1095
9/14/2023,9913,2663,11,1106
9/15/2023,9891,2129,12,1118
9/16/2023,10330,2598,14,1132
9/17/2023,10437,3122,18,1150
9/18/2023,10032,3084,17,1167
9/19/2023,10102,3027,7,1174
9/20/2023,10263,3015,21,1195
9/21/2023,10280,2889,8,1203
9/22/2023,10071,2153,4,1207
9/23/2023,10572,2865,14,1221
9/24/2023,10470,1673,16,1237
9/25/2023,10147,1673,19,1256
9/26/2023,10156,1673,15,1271
9/27/2023,9967,1673,15,1286
9/28/2023,9797,1673,9,1295
9/29/2023,9526,1673,8,1303
9/30/2023,9959,1673,14,1317
10/1/2023,9357,1673,17,1334
10/2/2023,9283,1673,11,1345
10/3/2023,9198,1673,13,1358
10/4/2023,9284,1673,16,1374
10/5/2023,9265,1673,9,1383
10/6/2023,8921,1673,9,1392
10/7/2023,9171,1673,15,1407
10/8/2023,8800,1673,7,1414
10/9/2023,8820,1673,10,1424
10/10/2023,8602,1673,13,1437
10/11/2023,8647,1673,13,1450
10/12/2023,8617,1673,13,1463
10/13/2023,8248,1673,13,1476
10/14/2023,8336,2047,10,1486
10/15/2023,8174,2363,11,1497
10/16/2023,8149,2475,12,1509
10/17/2023,8224,2609,9,1518
10/18/2023,8299,2495,16,1534
10/19/2023,8232,2350,8,1542
10/20/2023,8003,1558,12,1554
10/21/2023,8114,1889,20,1574
10/22/2023,7677,2056,9,1583
10/23/2023,7589,2014,17,1600
10/24/2023,7546,1852,12,1612
10/25/2023,7599,1917,11,1623
10/26/2023,7145,1802,11,1634
10/27/2023,6798,1431,11,1645
10/28/2023,7091,1800,10,1655
10/29/2023,6803,1818,6,1661
10/30/2023,6463,1708,8,1669
10/31/2023,6527,1787,7,1676
11/1/2023,6346,1903,7,1683
11/2/2023,6270,1728,15,1698
11/3/2023,6267,1357,10,1708
11/4/2023,6636,1638,13,1721
11/5/2023,6704,2103,15,1736
11/6/2023,662,1794,9,1745
11/7/2023,6555,1895,8,1753
11/8/2023,6413,1912,7,1760
11/9/2023,6360,1734,17,1777
11/10/2023,6208,1333,11,1788
11/11/2023,6373,1512,6,1794
11/12/2023,6183,1748,10,1804
11/13/2023,6017,1740,8,1812
11/14/2023,5905,1470,12,1824
11/15/2023,5755,1623,24,1848
11/16/2023,5558,1429,8,1856
11/17/2023,5245,956,11,1867
11/18/2023,5186,914,4,1871
11/19/2023,4949,1291,6,1877
11/20/2023,4653,1197,5,1882
11/21/2023,4462,1084,8,1890
11/22/2023,4178,1162,8,1898
11/23/2023,4124,1094,7,1905
11/24/2023,3848,645,6,1911
11/25/2023,3924,759,12,1923
11/26/2023,3595,971,3,1926
11/27/2023,3493,920,8,1934
11/28/2023,3567,959,4,1938
11/29/2023,3587,868,5,1943
11/30/2023,3479,877,7,1950
12/1/2023,3358,468,6,1956
12/2/2023,3416,605,1,1957
12/3/2023,2970,742,3,1960
12/4/2023,2689,682,2,1962
12/5/2023,2667,669,5,1967
12/6/2023,3614,566,2,1969
12/7/2023,2571,537,2,1971
12/8/2023,2384,451,7,1978
12/9/2023,2412,362,2,1980
12/10/2023,2291,459,9,1989
12/11/2023,2047,413,4,1993
12/12/2023,1981,311,2,1995
12/13/2023,1891,349,7,2002
12/14/2023,1823,308,2,2004
12/15/2023,1741,190,2,2006
12/16/2023,1680,179,0,2006
12/17/2023,1563,254,4,2010
12/18/2023,1456,239,4,2014
12/19/2023,1337,196,2,2016
12/20/2023,1297,207,4,2020
12/21/2023,1246,177,0,2020
12/22/2023,1193,103,0,2020
12/23/2023,1181,114,1,2021
12/24/2023,1101,188,4,2025
12/25/2023,1003,89,1,2026
12/26/2023,983,152,0,2026
12/27/2023,902,134,1,2027
12/28/2023,867,110,2,2029
12/29/2023,728,56,1,2030
12/30/2023,734,72,1,2031
12/31/2023,725,106,2,2033
1/1/2024,85,85,0,2033
1/2/2024,60,60,1,2034
1/3/2024,70,70,1,2035
1/4/2024,75,75,1,2036
1/5/2024,33,33,0,2036
1/6/2024,42,42,0,2036
1/7/2024,13,13,0,2036
1/8/2024,62,62,0,2036
1/9/2024,45,45,1,2037
1/10/2024,59,59,0,2037
1/11/2024,46,46,0,2037
1/12/2024,17,17,0,2037
1/13/2024,25,25,1,2038
1/14/2024,38,38,2,2040
1/15/2024,33,33,0,2040
1/16/2024,30,30,1,2041
1/17/2024,23,23,2,2043
1/18/2024,29,29,1,2044
1/19/2024,18,18,0,2044
1/20/2024,18,18,2,2046
1/21/2024,32,32,1,2047
1/22/2024,30,30,0,2047
1/23/2024,24,24,0,2047
1/24/2024,20,20,0,2047
1/25/2024,18,18,0,2047
1/26/2024,14,14,0,2047
1/27/2024,22,22,0,2047
1/28/2024,25,25,0,2047
1/29/2024,14,14,0,2047
1/30/2024,15,15,0,2047
1/31/2024,20,20,0,2047
2/1/2024,17,17,0,2047
2/2/2024,11,11,0,2047
2/3/2024,10,10,1,2048
2/4/2024,28,28,0,2048
2/5/2024,11,11,1,2049
2/6/2024,22,22,0,2049
2/7/2024,25,25,0,2049
2/8/2024,20,20,0,2049
2/9/2024,3,3,0,2049
2/10/2024,8,8,0,2049
2/11/2024,14,14,0,2049
2/12/2024,7,7,0,2049
2/13/2024,13,13,0,2049
2/14/2024,8,8,0,2049
2/15/2024,5,5,0,2049
2/16/2024,3,3,0,2049
2/17/2024,11,11,0,2049
2/18/2024,7,7,0,2049
2/19/2024,11,11,0,2049
2/20/2024,6,6,0,2049
2/21/2024,5,5,0,2049
2/22/2024,16,16,1,2050
2/23/2024,3,3,0,2050
2/24/2024,11,11,0,2050
2/25/2024,20,20,0,2050
2/26/2024,6,6,0,2050
2/27/2024,19,19,0,2050
2/28/2024,9,9,0,2050
2/29/2024,10,10,0,2050
3/1/2024,4,4,0,2050
3/2/2024,9,9,0,2050
3/3/2024,10,10,0,2050
3/4/2024,10,10,0,2050
3/5/2024,3,3,0,2050
3/6/2024,13,13,0,2050
3/7/2024,12,12,1,2051
3/8/2024,11,11,0,2051
3/9/2024,6,6,0,2051
3/10/2024,12,12,2,2053
3/11/2024,10,10,0,2053
3/12/2024,8,8,0,2053
3/13/2024,8,8,0,2053
3/14/2024,15,15,0,2053
3/15/2024,2,2,0,2053
3/16/2024,10,10,0,2053
3/17/2024,9,9,0,2053
3/18/2024,20,20,0,2053
3/19/2024,19,19,0,2053
3/20/2024,14,14,1,2054
3/21/2024,11,11,0,2054
3/22/2024,6,6,0,2054
3/23/2024,4,4,1,2055
3/24/2024,11,11,0,2055
3/25/2024,10,10,0,2055
3/26/2024,4,4,0,2055
3/27/2024,14,14,0,2055
3/28/2024,10,10,0,2055
3/29/2024,4,4,0,2055
3/30/2024,11,11,0,2055
3/31/2024,21,21,0,2055
4/1/2024,14,14,0,2055
4/2/2024,10,10,0,2055
4/3/2024,6,6,0,2055
4/4/2024,11,11,0,2055
4/5/2024,1,1,0,2055
4/6/2024,9,9,0,2055
4/7/2024,13,13,0,2055
4/8/2024,5,5,0,2055
4/9/2024,15,15,0,2055
4/10/2024,0,0,0,2055
4/11/2024,18,18,0,2055
4/12/2024,2,2,0,2055
4/13/2024,14,14,1,2056
4/14/2024,8,8,0,2056
4/15/2024,34,34,0,2056
4/16/2024,34,34,0,2056
4/17/2024,17,17,0,2056
4/18/2024,23,23,1,2057
4/19/2024,13,13,0,2057
4/20/2024,17,17,0,2057
4/21/2024,34,34,0,2057
4/22/2024,37,37,0,2057
4/23/2024,11,11,0,2057
4/24/2024,33,33,0,2057
4/25/2024,19,19,0,2057
4/26/2024,8,8,0,2057
4/27/2024,15,15,0,2057
4/28/2024,31,31,0,2057
4/29/2024,28,28,0,2057
4/30/2024,24,24,0,2057
5/1/2024,11,11,0,2057
5/2/2024,19,19,0,2057
5/3/2024,9,9,3,2060
5/4/2024,13,13,0,2060
5/5/2024,27,27,0,2060
5/6/2024,35,35,0,2060
5/7/2024,15,15,0,2060
5/8/2024,22,22,1,2061
5/9/2024,31,31,1,2062
5/10/2024,6,6,0,2062
5/11/2024,17,17,0,2062
5/12/2024,46,46,0,2062
5/13/2024,34,34,0,2062
5/14/2024,30,30,0,2062
5/15/2024,21,21,3,2065
5/16/2024,24,24,0,2065
5/17/2024,12,12,1,2066
5/18/2024,13,13,0,2066
5/19/2024,34,34,0,2066
5/20/2024,27,27,0,2066
5/21/2024,21,21,0,2066
5/22/2024,7,7,0,2066
5/23/2024,31,31,0,2066
5/24/2024,12,12,0,2066
5/25/2024,19,19,0,2066
5/26/2024,28,28,0,2066
5/27/2024,16,16,1,2067
5/28/2024,6,6,1,2068
5/29/2024,15,15,0,2068
5/30/2024,25,25,1,2069
5/31/2024,18,18,0,2069
6/1/2024,16,16,0,2069
6/2/2024,34,34,0,2069
6/3/2024,22,22,0,2069
6/4/2024,35,35,0,2069
6/5/2024,24,24,1,2070
6/6/2024,19,19,0,2070
6/7/2024,16,16,0,2070
6/8/2024,12,12,0,2070
6/9/2024,25,25,1,2071
6/10/2024,47,47,1,2072
6/11/2024,15,15,0,2072
6/12/2024,32,32,0,2072
6/13/2024,31,31,0,2072
6/14/2024,15,15,0,2072
6/15/2024,11,11,1,2073
6/16/2024,4,4,0,2073
6/17/2024,0,0,0,2073
6/18/2024,7,7,0,2073
6/19/2024,59,59,1,2074
6/20/2024,27,27,0,2074
6/21/2024,11,11,0,2074
6/22/2024,28,28,0,2074
6/23/2024,42,42,0,2074
6/24/2024,34,34,0,2074
6/25/2024,43,43,1,2075
6/26/2024,34,34,1,2076
6/27/2024,42,42,0,2076
6/28/2024,9,9,0,2076
6/29/2024,60,60,0,2076
6/30/2024,44,44,1,2077
7/1/2024,51,51,1,2078
7/2/2024,49,49,1,2079
7/3/2024,61,61,0,2079
7/4/2024,32,32,0,2079
7/5/2024,22,22,0,2079
7/6/2024,26,26,0,2079
7/7/2024,86,86,0,2079
7/8/2024,63,63,1,2080
7/9/2024,88,88,0,2080
7/10/2024,79,79,0,2080
7/11/2024,103,103,0,2080
7/12/2024,25,25,0,2080
7/13/2024,75,75,1,2081
7/14/2024,155,155,0,2081
7/15/2024,112,112,2,2083
7/16/2024,110,110,0,2083
7/17/2024,25,25,0,2083
7/18/2024,,,,
7/19/2024,,,,
7/20/2024,,,,
7/21/2024,,,,
7/22/2024,,,,
7/23/2024,,,,
7/24/2024,174,174,0,2083
7/25/2024,263,263,0,2083
7/26/2024,148,148,1,2084
7/27/2024,98,98,2,2086
7/28/2024,272,272,2,2088
7/29/2024,226,226,0,2088
7/30/2024,150,150,1,2089
7/31/2024,176,176,0,2089
8/1/2024,197,197,1,2090
8/2/2024,80,80,1,2091
8/3/2024,154,154,0,2091
8/4/2024,211,211,0,2091
8/5/2024,35,35,0,2091
8/6/2024,192,192,2,2093
8/7/2024,159,159,0,2093
8/8/2024,181,181,2,2095
8/9/2024,34,34,0,2095
8/10/2024,204,204,2,2097
8/11/2024,202,202,1,2098
8/12/2024,285,285,2,2100
8/13/2024,215,215,2,2102
8/14/2024,233,233,2,2104
8/15/2024,228,228,3,2107
8/16/2024,50,50,0,2107
8/17/2024,237,237,0,2107
8/18/2024,334,334,0,2107
8/19/2024,265,265,0,2107
8/20/2024,249,249,1,2108
8/21/2024,296,296,1,2109
8/22/2024,217,217,1,2110
8/23/2024,78,78,0,2110
8/24/2024,303,303,0,2110
8/25/2024,319,319,1,2111
8/26/2024,105,105,0,2111
8/27/2024,364,364,1,2112
8/28/2024,326,326,0,2112
8/29/2024,269,269,0,2112
8/30/2024,153,153,0,2112
8/31/2024,346,346,4,2116
