Date,Total Cases,Total Death,New Cases,New Death
8/25/2019,5940.0,0.0,1299.0,0.0
8/26/2019,5562.0,1.0,1251.0,1.0
8/27/2019,5322.0,1.0,1299.0,0.0
8/28/2019,5222.0,1.0,1157.0,0.0
8/29/2019,5030.0,4.0,1189.0,3.0
8/30/2019,4697.0,4.0,1025.0,0.0
8/31/2019,4860.0,4.0,760.0,0.0
9/1/2019,4254.0,6.0,902.0,2.0
9/2/2019,3931.0,7.0,865.0,1.0
9/3/2019,3746.0,8.0,783.0,1.0
9/4/2019,3588.0,10.0,820.0,2.0
9/5/2019,3371.0,11.0,788.0,1.0
9/6/2019,3337.0,14.0,793.0,3.0
9/7/2019,3447.0,15.0,607.0,1.0
9/8/2019,3226.0,15.0,761.0,0.0
9/9/2019,3091.0,16.0,716.0,1.0
9/10/2019,3072.0,18.0,753.0,2.0
9/11/2019,3165.0,20.0,634.0,2.0
9/12/2019,3029.0,21.0,750.0,1.0
9/13/2019,2900.0,22.0,672.0,1.0
9/14/2019,2996.0,23.0,527.0,1.0
9/15/2019,2546.0,24.0,619.0,1.0
9/16/2019,2507.0,24.0,653.0,0.0
9/17/2019,2485.0,26.0,615.0,2.0
9/18/2019,2360.0,27.0,536.0,1.0
9/19/2019,2226.0,27.0,491.0,0.0
9/20/2019,2158.0,27.0,508.0,0.0
9/21/2019,2252.0,27.0,408.0,0.0
9/22/2019,2099.0,28.0,430.0,1.0
9/23/2019,2018.0,28.0,461.0,0.0
9/24/2019,1928.0,28.0,469.0,0.0
9/25/2019,1745.0,28.0,398.0,0.0
9/26/2019,1704.0,29.0,388.0,1.0
9/27/2019,1557.0,29.0,360.0,0.0
9/28/2019,1709.0,29.0,360.0,0.0
9/29/2019,1577.0,29.0,342.0,0.0
9/30/2019,1481.0,29.0,348.0,0.0
10/1/2019,1472.0,30.0,371.0,1.0
10/2/2019,1460.0,30.0,336.0,0.0
10/3/2019,1419.0,30.0,361.0,0.0
10/4/2019,1398.0,30.0,326.0,0.0
10/5/2019,1477.0,31.0,269.0,1.0
10/6/2019,1338.0,33.0,314.0,2.0
10/7/2019,1327.0,33.0,348.0,0.0
10/8/2019,1316.0,33.0,267.0,0.0
10/9/2019,1339.0,34.0,258.0,1.0
10/10/2019,1294.0,34.0,316.0,0.0
10/11/2019,1218.0,34.0,238.0,0.0
10/12/2019,1233.0,35.0,226.0,1.0
10/13/2019,1132.0,35.0,287.0,0.0
10/14/2019,1154.0,35.0,300.0,0.0
10/15/2019,1194.0,35.0,301.0,0.0
10/16/2019,1173.0,36.0,283.0,1.0
10/17/2019,1101.0,38.0,248.0,2.0
10/18/2019,1018.0,38.0,178.0,0.0
10/19/2019,1053.0,38.0,184.0,0.0
10/20/2019,974.0,39.0,229.0,1.0
10/21/2019,916.0,39.0,217.0,0.0
10/22/2019,938.0,39.0,222.0,0.0
10/23/2019,930.0,39.0,236.0,0.0
10/24/2019,942.0,39.0,210.0,0.0
10/25/2019,866.0,40.0,186.0,1.0
10/26/2019,952.0,40.0,203.0,0.0
10/27/2019,954.0,40.0,257.0,0.0
10/28/2019,913.0,40.0,251.0,0.0
10/29/2019,935.0,41.0,248.0,1.0
10/30/2019,963.0,41.0,263.0,0.0
10/31/2019,926.0,42.0,213.0,1.0
11/1/2019,909.0,42.0,215.0,0.0
11/2/2019,965.0,43.0,151.0,1.0
11/3/2019,900.0,,184.0,
11/4/2019,842.0,,174.0,
11/5/2019,814.0,,189.0,
11/6/2019,766.0,,184.0,
11/7/2019,752.0,,198.0,
11/8/2019,760.0,,149.0,
11/9/2019,796.0,,143.0,
11/10/2019,774.0,,118.0,
11/11/2019,755.0,,128.0,
11/12/2019,713.0,,157.0,
11/13/2019,680.0,,167.0,
11/14/2019,678.0,,150.0,
11/15/2019,623.0,,97.0,
11/16/2019,671.0,,136.0,
11/17/2019,654.0,,143.0,
11/18/2019,608.0,,120.0,
11/19/2019,577.0,,124.0,
11/20/2019,570.0,,117.0,
11/21/2019,565.0,,123.0,
11/22/2019,559.0,,100.0,
11/23/2019,565.0,,90.0,
11/24/2019,536.0,,92.0,
11/25/2019,537.0,,112.0,
11/26/2019,519.0,,98.0,
11/27/2019,505.0,,108.0,
11/28/2019,475.0,,85.0,
11/29/2019,451.0,,73.0,
11/30/2019,456.0,,86.0,
12/1/2019,425.0,,94.0,
12/2/2019,394.0,,81.0,
12/3/2019,383.0,,79.0,
12/4/2019,373.0,,75.0,
12/5/2019,385.0,,88.0,
12/6/2019,344.0,,43.0,
12/7/2019,342.0,,46.0,
12/8/2019,325.0,,62.0,
12/9/2019,301.0,,67.0,
12/10/2019,260.0,,50.0,
12/11/2019,243.0,,36.0,
12/12/2019,236.0,,51.0,
12/13/2019,220.0,,44.0,
12/14/2019,243.0,,42.0,
12/15/2019,226.0,,37.0,
12/16/2019,215.0,,25.0,
12/17/2019,211.0,,49.0,
12/18/2019,187.0,,37.0,
12/19/2019,170.0,,32.0,
12/20/2019,177.0,,29.0,
12/21/2019,162.0,,16.0,
12/22/2019,140.0,,19.0,
12/23/2019,127.0,,35.0,
12/24/2019,107.0,,12.0,
12/25/2019,97.0,,17.0,
12/26/2019,98.0,,24.0,
12/27/2019,102.0,,22.0,
12/28/2019,91.0,,10.0,
12/29/2019,74.0,,5.0,
12/30/2019,60.0,,10.0,
12/31/2019,51.0,,10.0,
1/1/2020,7.0,43.0,7.0,0.0
1/2/2020,22.0,43.0,15.0,0.0
1/3/2020,25.0,43.0,6.0,0.0
1/4/2020,43.0,43.0,21.0,0.0
1/5/2020,48.0,43.0,13.0,0.0
1/6/2020,45.0,43.0,10.0,0.0
1/7/2020,47.0,43.0,19.0,0.0
1/8/2020,44.0,43.0,5.0,0.0
1/9/2020,51.0,43.0,14.0,0.0
1/10/2020,50.0,43.0,6.0,0.0
1/11/2020,52.0,43.0,14.0,0.0
1/12/2020,42.0,43.0,3.0,0.0
1/13/2020,46.0,43.0,10.0,0.0
1/14/2020,43.0,43.0,3.0,0.0
1/15/2020,37.0,43.0,4.0,0.0
1/16/2020,29.0,43.0,0.0,0.0
1/17/2020,26.0,43.0,1.0,0.0
1/18/2020,26.0,43.0,3.0,0.0
1/19/2020,25.0,43.0,4.0,0.0
1/20/2020,23.0,43.0,2.0,0.0
1/21/2020,20.0,43.0,4.0,0.0
1/22/2020,14.0,43.0,2.0,0.0
1/23/2020,16.0,43.0,4.0,0.0
1/24/2020,16.0,43.0,1.0,0.0
1/25/2020,16.0,43.0,4.0,0.0
1/26/2020,11.0,43.0,2.0,0.0
1/27/2020,16.0,43.0,7.0,0.0
1/28/2020,18.0,43.0,6.0,0.0
1/29/2020,18.0,43.0,1.0,0.0
1/30/2020,14.0,43.0,4.0,0.0
1/31/2020,,,,
2/4/2021,5.0,43.0,2.0,0.0
12/13/2021,179.0,43.0,42.0,0.0
12/14/2021,180.0,43.0,40.0,0.0
12/15/2021,166.0,43.0,27.0,0.0
12/16/2021,160.0,43.0,17.0,0.0
12/17/2021,168.0,43.0,14.0,0.0
12/18/2021,164.0,43.0,28.0,0.0
12/19/2021,155.0,43.0,50.0,0.0
12/20/2021,134.0,43.0,39.0,0.0
12/21/2021,116.0,45.0,13.0,2.0
12/22/2021,114.0,46.0,70.0,1.0
12/23/2021,113.0,46.0,24.0,0.0
12/24/2021,102.0,46.0,7.0,0.0
12/25/2021,107.0,46.0,18.0,0.0
12/26/2021,90.0,46.0,9.0,0.0
12/27/2021,84.0,46.0,11.0,0.0
12/28/2021,78.0,46.0,15.0,0.0
12/29/2021,77.0,46.0,11.0,0.0
12/30/2021,63.0,47.0,31.0,1.0
12/31/2021,59.0,47.0,4.0,0.0
1/1/2022,52.0,47.0,4.0,0.0
1/2/2022,64.0,47.0,11.0,0.0
1/3/2022,62.0,47.0,29.0,0.0
1/4/2022,47.0,47.0,4.0,0.0
1/5/2022,48.0,47.0,4.0,0.0
1/6/2022,52.0,47.0,9.0,0.0
1/7/2022,52.0,47.0,1.0,0.0
1/8/2022,48.0,47.0,2.0,0.0
1/9/2022,43.0,47.0,7.0,0.0
1/10/2022,42.0,47.0,3.0,0.0
1/11/2022,43.0,47.0,3.0,0.0
1/12/2022,39.0,47.0,14.0,0.0
1/13/2022,35.0,47.0,3.0,0.0
1/14/2022,34.0,47.0,1.0,0.0
1/15/2022,35.0,47.0,5.0,0.0
1/16/2022,34.0,47.0,2.0,0.0
1/17/2022,32.0,47.0,2.0,0.0
1/18/2022,26.0,47.0,4.0,0.0
1/19/2022,28.0,47.0,7.0,0.0
1/20/2022,27.0,47.0,1.0,0.0
1/21/2022,23.0,47.0,0.0,0.0
1/22/2022,19.0,47.0,0.0,0.0
1/23/2022,15.0,47.0,2.0,0.0
1/24/2022,10.0,47.0,3.0,0.0
1/25/2022,10.0,47.0,1.0,0.0
1/26/2022,6.0,47.0,0.0,0.0
1/27/2022,5.0,47.0,1.0,0.0
1/28/2022,6.0,47.0,2.0,0.0
1/29/2022,5.0,47.0,0.0,0.0
1/30/2022,4.0,47.0,0.0,0.0
1/31/2022,2.0,47.0,1.0,0.0
2/1/2022,1.0,47.0,0.0,0.0
2/2/2022,3.0,47.0,2.0,0.0
2/3/2022,5.0,47.0,2.0,0.0
2/4/2022,5.0,47.0,0.0,0.0
2/5/2022,6.0,47.0,2.0,0.0
2/6/2022,4.0,47.0,1.0,0.0
2/7/2022,2.0,47.0,0.0,0.0
2/8/2022,2.0,47.0,0.0,0.0
2/9/2022,2.0,47.0,0.0,0.0
2/10/2022,1.0,47.0,0.0,0.0
2/11/2022,1.0,47.0,0.0,0.0
2/12/2022,6.0,47.0,5.0,0.0
2/13/2022,5.0,47.0,1.0,0.0
2/14/2022,7.0,47.0,2.0,0.0
2/15/2022,8.0,47.0,1.0,0.0
2/16/2022,6.0,47.0,0.0,0.0
2/17/2022,4.0,47.0,0.0,0.0
2/18/2022,4.0,47.0,0.0,0.0
2/19/2022,3.0,47.0,0.0,0.0
2/20/2022,3.0,47.0,0.0,0.0
2/21/2022,3.0,47.0,0.0,0.0
2/22/2022,1.0,47.0,1.0,0.0
2/23/2022,3.0,47.0,2.0,0.0
2/24/2022,3.0,47.0,0.0,0.0
2/25/2022,3.0,47.0,0.0,0.0
2/26/2022,3.0,47.0,0.0,0.0
2/27/2022,2.0,47.0,0.0,0.0
2/28/2022,2.0,47.0,0.0,0.0
3/1/2022,1.0,47.0,0.0,0.0
3/2/2022,2.0,47.0,1.0,0.0
3/3/2022,1.0,47.0,0.0,0.0
3/4/2022,1.0,47.0,0.0,0.0
3/5/2022,1.0,47.0,0.0,0.0
3/6/2022,3.0,47.0,3.0,0.0
3/7/2022,2.0,47.0,0.0,0.0
3/8/2022,2.0,47.0,0.0,0.0
3/9/2022,3.0,47.0,1.0,0.0
3/10/2022,4.0,47.0,1.0,0.0
3/11/2022,6.0,47.0,2.0,0.0
3/12/2022,6.0,47.0,0.0,0.0
3/13/2022,6.0,47.0,0.0,0.0
3/14/2022,6.0,47.0,0.0,0.0
3/15/2022,4.0,47.0,0.0,0.0
3/16/2022,5.0,47.0,1.0,0.0
3/17/2022,3.0,47.0,0.0,0.0
3/18/2022,3.0,47.0,0.0,0.0
3/19/2022,2.0,47.0,0.0,0.0
3/20/2022,2.0,47.0,0.0,0.0
3/21/2022,0.0,47.0,0.0,0.0
3/22/2022,0.0,47.0,0.0,0.0
3/23/2022,2.0,47.0,2.0,0.0
3/24/2022,3.0,47.0,1.0,0.0
3/25/2022,3.0,47.0,0.0,0.0
3/26/2022,4.0,47.0,1.0,0.0
3/27/2022,5.0,47.0,1.0,0.0
3/28/2022,5.0,47.0,0.0,0.0
3/29/2022,6.0,47.0,2.0,0.0
3/30/2022,7.0,47.0,4.0,0.0
3/31/2022,6.0,47.0,0.0,0.0
4/1/2022,6.0,47.0,0.0,0.0
4/2/2022,4.0,47.0,0.0,0.0
4/3/2022,6.0,47.0,2.0,0.0
4/4/2022,4.0,47.0,0.0,0.0
4/5/2022,4.0,47.0,0.0,0.0
4/6/2022,1.0,47.0,0.0,0.0
4/7/2022,2.0,47.0,1.0,0.0
4/8/2022,1.0,47.0,0.0,0.0
4/9/2022,1.0,47.0,0.0,0.0
4/10/2022,3.0,47.0,2.0,0.0
4/11/2022,3.0,47.0,1.0,0.0
4/12/2022,3.0,47.0,0.0,0.0
4/13/2022,3.0,47.0,2.0,0.0
4/14/2022,3.0,47.0,0.0,0.0
4/15/2022,3.0,47.0,0.0,0.0
4/16/2022,4.0,47.0,2.0,0.0
4/17/2022,4.0,47.0,1.0,0.0
4/18/2022,4.0,47.0,1.0,0.0
4/19/2022,3.0,47.0,0.0,0.0
4/20/2022,4.0,47.0,2.0,0.0
4/21/2022,4.0,47.0,2.0,0.0
4/22/2022,4.0,47.0,0.0,0.0
4/23/2022,4.0,47.0,0.0,0.0
4/24/2022,4.0,47.0,1.0,0.0
4/25/2022,5.0,47.0,2.0,0.0
4/26/2022,7.0,47.0,3.0,0.0
4/27/2022,8.0,47.0,1.0,0.0
4/28/2022,6.0,47.0,0.0,0.0
4/29/2022,5.0,47.0,0.0,0.0
4/30/2022,5.0,47.0,0.0,0.0
5/1/2022,5.0,47.0,0.0,0.0
5/2/2022,5.0,47.0,0.0,0.0
5/3/2022,5.0,47.0,0.0,0.0
5/4/2022,5.0,47.0,0.0,0.0
5/5/2022,4.0,47.0,1.0,0.0
5/6/2022,5.0,47.0,1.0,0.0
5/7/2022,3.0,47.0,0.0,0.0
5/8/2022,7.0,47.0,5.0,0.0
5/9/2022,8.0,47.0,1.0,0.0
5/10/2022,8.0,47.0,2.0,0.0
5/11/2022,3.0,47.0,0.0,0.0
5/12/2022,1.0,47.0,0.0,0.0
5/13/2022,2.0,47.0,1.0,0.0
5/14/2022,5.0,47.0,3.0,0.0
5/15/2022,5.0,47.0,1.0,0.0
5/16/2022,13.0,47.0,8.0,0.0
5/17/2022,21.0,47.0,12.0,0.0
5/18/2022,25.0,47.0,5.0,0.0
5/19/2022,28.0,47.0,5.0,0.0
5/20/2022,23.0,47.0,0.0,0.0
5/21/2022,29.0,47.0,9.0,0.0
5/22/2022,27.0,47.0,6.0,0.0
5/23/2022,34.0,47.0,15.0,0.0
5/24/2022,37.0,47.0,12.0,0.0
5/25/2022,38.0,47.0,6.0,0.0
5/26/2022,34.0,47.0,7.0,0.0
5/27/2022,33.0,47.0,6.0,0.0
5/28/2022,43.0,47.0,15.0,0.0
5/29/2022,43.0,47.0,10.0,0.0
5/30/2022,51.0,47.0,18.0,0.0
5/31/2022,49.0,47.0,14.0,0.0
6/1/2022,49.0,47.0,9.0,0.0
6/2/2022,53.0,47.0,20.0,0.0
6/3/2022,61.0,47.0,17.0,0.0
6/4/2022,70.0,47.0,13.0,0.0
6/5/2022,69.0,47.0,15.0,0.0
6/6/2022,80.0,47.0,20.0,0.0
6/7/2022,75.0,47.0,17.0,0.0
6/8/2022,73.0,47.0,16.0,0.0
6/9/2022,83.0,47.0,31.0,0.0
6/10/2022,81.0,47.0,17.0,0.0
6/11/2022,90.0,47.0,20.0,0.0
6/12/2022,85.0,47.0,24.0,0.0
6/13/2022,78.0,47.0,18.0,0.0
6/14/2022,75.0,47.0,18.0,0.0
6/15/2022,69.0,47.0,22.0,0.0
6/16/2022,90.0,47.0,31.0,0.0
6/17/2022,104.0,47.0,29.0,0.0
6/18/2022,115.0,47.0,40.0,0.0
6/19/2022,122.0,47.0,24.0,0.0
6/20/2022,114.0,47.0,27.0,0.0
6/21/2022,110.0,48.0,27.0,1.0
6/22/2022,113.0,48.0,27.0,0.0
6/23/2022,109.0,48.0,29.0,0.0
6/24/2022,110.0,48.0,21.0,0.0
6/25/2022,127.0,48.0,35.0,0.0
6/26/2022,118.0,48.0,32.0,0.0
6/27/2022,114.0,48.0,17.0,0.0
6/28/2022,139.0,48.0,47.0,0.0
6/29/2022,128.0,48.0,40.0,0.0
6/30/2022,128.0,48.0,33.0,0.0
7/1/2022,118.0,48.0,22.0,0.0
7/2/2022,151.0,48.0,49.0,0.0
7/3/2022,133.0,48.0,42.0,0.0
7/4/2022,144.0,48.0,36.0,0.0
7/5/2022,152.0,48.0,46.0,0.0
7/6/2022,149.0,48.0,32.0,0.0
7/7/2022,132.0,48.0,31.0,0.0
7/8/2022,121.0,48.0,29.0,0.0
7/9/2022,128.0,48.0,17.0,0.0
7/10/2022,109.0,48.0,4.0,0.0
7/11/2022,91.0,48.0,7.0,0.0
7/12/2022,141.0,48.0,73.0,0.0
7/13/2022,169.0,48.0,51.0,0.0
7/14/2022,179.0,48.0,51.0,0.0
7/15/2022,186.0,48.0,31.0,0.0
7/16/2022,220.0,48.0,60.0,0.0
7/17/2022,222.0,50.0,53.0,2.0
7/18/2022,234.0,50.0,66.0,0.0
7/19/2022,224.0,52.0,51.0,2.0
7/20/2022,244.0,52.0,70.0,0.0
7/21/2022,264.0,52.0,69.0,0.0
7/22/2022,276.0,52.0,35.0,0.0
7/23/2022,319.0,53.0,67.0,1.0
7/24/2022,299.0,53.0,65.0,0.0
7/25/2022,276.0,54.0,60.0,1.0
7/26/2022,301.0,55.0,99.0,1.0
7/27/2022,311.0,55.0,61.0,0.0
7/28/2022,311.0,55.0,64.0,0.0
7/29/2022,336.0,55.0,65.0,0.0
7/30/2022,332.0,56.0,85.0,1.0
7/31/2022,328.0,57.0,80.0,1.0
8/1/2022,344.0,57.0,87.0,0.0
8/2/2022,322.0,59.0,65.0,2.0
8/3/2022,333.0,59.0,77.0,0.0
8/4/2022,348.0,60.0,91.0,1.0
8/5/2022,363.0,61.0,40.0,1.0
8/6/2022,380.0,61.0,77.0,0.0
8/7/2022,387.0,62.0,87.0,1.0
8/8/2022,360.0,62.0,79.0,0.0
8/9/2022,356.0,62.0,53.0,0.0
8/10/2022,369.0,62.0,92.0,0.0
8/11/2022,364.0,63.0,90.0,1.0
8/12/2022,346.0,63.0,53.0,0.0
8/13/2022,355.0,63.0,92.0,0.0
8/14/2022,387.0,63.0,116.0,0.0
8/15/2022,397.0,63.0,96.0,0.0
8/16/2022,424.0,64.0,128.0,1.0
8/17/2022,414.0,64.0,98.0,0.0
8/18/2022,419.0,64.0,93.0,0.0
8/19/2022,398.0,64.0,54.0,0.0
8/20/2022,433.0,65.0,117.0,1.0
8/21/2022,454.0,66.0,135.0,1.0
8/22/2022,496.0,66.0,139.0,0.0
8/23/2022,516.0,66.0,153.0,0.0
8/24/2022,521.0,66.0,165.0,0.0
8/25/2022,572.0,66.0,180.0,0.0
8/26/2022,541.0,66.0,68.0,0.0
8/27/2022,586.0,66.0,133.0,0.0
8/28/2022,613.0,66.0,176.0,0.0
8/29/2022,668.0,67.0,201.0,1.0
8/30/2022,712.0,67.0,237.0,0.0
8/31/2022,784.0,68.0,251.0,1.0
9/1/2022,781.0,69.0,176.0,1.0
9/2/2022,776.0,69.0,90.0,0.0
9/3/2022,858.0,70.0,245.0,1.0
9/4/2022,857.0,70.0,213.0,0.0
9/5/2022,806.0,73.0,208.0,3.0
9/6/2022,850.0,78.0,284.0,5.0
9/7/2022,889.0,78.0,279.0,0.0
9/8/2022,886.0,78.0,275.0,0.0
9/9/2022,933.0,78.0,145.0,0.0
9/10/2022,1023.0,79.0,294.0,1.0
9/11/2022,1128.0,80.0,360.0,1.0
9/12/2022,1112.0,84.0,345.0,4.0
9/13/2022,1213.0,86.0,353.0,2.0
9/14/2022,1251.0,86.0,389.0,0.0
9/15/2022,1311.0,87.0,395.0,1.0
9/16/2022,1336.0,89.0,164.0,2.0
9/17/2022,1493.0,91.0,381.0,2.0
9/18/2022,1483.0,92.0,399.0,1.0
9/19/2022,1483.0,92.0,392.0,0.0
9/20/2022,1560.0,92.0,438.0,0.0
9/21/2022,1557.0,93.0,431.0,1.0
9/22/2022,1529.0,95.0,437.0,2.0
9/23/2022,1514.0,97.0,125.0,2.0
9/24/2022,1628.0,97.0,440.0,0.0
9/25/2022,1650.0,97.0,440.0,0.0
9/26/2022,1692.0,100.0,482.0,3.0
9/27/2022,1738.0,101.0,460.0,1.0
9/28/2022,1820.0,102.0,524.0,1.0
9/29/2022,1874.0,102.0,506.0,0.0
9/30/2022,1916.0,102.0,240.0,0.0
10/1/2022,2158.0,103.0,635.0,1.0
10/2/2022,2210.0,105.0,568.0,2.0
10/3/2022,2144.0,108.0,525.0,3.0
10/4/2022,2144.0,108.0,482.0,0.0
10/5/2022,2156.0,110.0,344.0,2.0
10/6/2022,2333.0,110.0,637.0,0.0
10/7/2022,2282.0,111.0,240.0,1.0
10/8/2022,2416.0,114.0,712.0,3.0
10/9/2022,2348.0,115.0,334.0,1.0
10/10/2022,2439.0,117.0,624.0,2.0
10/11/2022,2493.0,121.0,677.0,4.0
10/12/2022,2481.0,122.0,647.0,1.0
10/13/2022,2695.0,130.0,765.0,8.0
10/14/2022,2715.0,130.0,310.0,0.0
10/15/2022,2889.0,136.0,734.0,6.0
10/16/2022,2847.0,141.0,855.0,5.0
10/17/2022,3004.0,143.0,857.0,2.0
10/18/2022,3227.0,146.0,900.0,3.0
10/19/2022,3304.0,153.0,864.0,7.0
10/20/2022,3174.0,157.0,896.0,4.0
10/21/2022,3207.0,157.0,409.0,0.0
10/22/2022,3404.0,159.0,922.0,2.0
10/23/2022,3492.0,160.0,1034.0,1.0
10/24/2022,3482.0,165.0,903.0,5.0
10/25/2022,3416.0,165.0,750.0,0.0
10/26/2022,3380.0,167.0,923.0,2.0
10/27/2022,3480.0,170.0,899.0,3.0
10/28/2022,3539.0,175.0,440.0,5.0
10/29/2022,3597.0,181.0,869.0,6.0
10/30/2022,3630.0,183.0,1020.0,2.0
10/31/2022,3584.0,188.0,873.0,5.0
11/1/2022,3598.0,195.0,983.0,7.0
11/2/2022,3750.0,199.0,1094.0,4.0
11/3/2022,3676.0,208.0,882.0,9.0
11/4/2022,3660.0,209.0,428.0,1.0
11/5/2022,3737.0,214.0,788.0,5.0
11/6/2022,3368.0,217.0,908.0,3.0
11/7/2022,3270.0,224.0,875.0,7.0
11/8/2022,3223.0,229.0,820.0,5.0
11/9/2022,3144.0,234.0,796.0,5.0
11/10/2022,3248.0,239.0,888.0,5.0
11/11/2022,3252.0,240.0,266.0,1.0
11/12/2022,3275.0,246.0,918.0,6.0
11/13/2022,3189.0,249.0,859.0,3.0
11/14/2022,2989.0,252.0,760.0,3.0
11/15/2022,2851.0,260.0,692.0,8.0
11/16/2022,2821.0,263.0,675.0,3.0
11/17/2022,2842.0,264.0,685.0,1.0
11/18/2022,2715.0,267.0,250.0,3.0
11/19/2022,2764.0,273.0,559.0,6.0
11/20/2022,2478.0,277.0,646.0,4.0
11/21/2022,2351.0,281.0,606.0,4.0
11/22/2022,2231.0,284.0,515.0,3.0
11/23/2022,2082.0,287.0,477.0,3.0
11/24/2022,2022.0,288.0,519.0,1.0
11/25/2022,1969.0,289.0,221.0,1.0
11/26/2022,1988.0,291.0,462.0,2.0
11/27/2022,1929.0,294.0,523.0,3.0
11/28/2022,1837.0,294.0,366.0,0.0
11/29/2022,1827.0,297.0,436.0,3.0
11/30/2022,1803.0,301.0,426.0,4.0
12/1/2022,1744.0,301.0,380.0,0.0
12/2/2022,1727.0,301.0,120.0,0.0
12/3/2022,1710.0,301.0,351.0,0.0
12/4/2022,1463.0,304.0,410.0,3.0
12/5/2022,1332.0,304.0,308.0,0.0
12/6/2022,1227.0,305.0,269.0,1.0
12/7/2022,1171.0,307.0,253.0,2.0
12/8/2022,1212.0,310.0,246.0,3.0
12/9/2022,1217.0,310.0,118.0,0.0
12/10/2022,1181.0,313.0,265.0,3.0
12/11/2022,1060.0,313.0,220.0,0.0
12/12/2022,980.0,313.0,224.0,0.0
12/13/2022,994.0,314.0,220.0,1.0
12/14/2022,916.0,314.0,184.0,0.0
12/15/2022,803.0,316.0,163.0,2.0
12/16/2022,774.0,316.0,49.0,0.0
12/17/2022,748.0,318.0,125.0,2.0
12/18/2022,676.0,318.0,145.0,0.0
12/19/2022,645.0,318.0,113.0,0.0
12/20/2022,580.0,319.0,108.0,1.0
12/21/2022,573.0,320.0,126.0,1.0
12/22/2022,521.0,321.0,89.0,1.0
12/23/2022,516.0,321.0,39.0,0.0
12/24/2022,501.0,323.0,89.0,2.0
12/25/2022,485.0,323.0,49.0,0.0
12/26/2022,447.0,325.0,106.0,2.0
12/27/2022,395.0,328.0,62.0,3.0
12/28/2022,360.0,328.0,67.0,0.0
12/29/2022,359.0,328.0,65.0,0.0
12/30/2022,349.0,328.0,14.0,0.0
12/31/2022,338.0,328.0,47.0,0.0
1/1/2023,249.0,328.0,41.0,0.0
1/2/2023,228.0,328.0,38.0,0.0
1/3/2023,237.0,328.0,48.0,0.0
1/4/2023,212.0,328.0,49.0,0.0
1/5/2023,214.0,328.0,31.0,0.0
1/6/2023,212.0,328.0,8.0,0.0
1/7/2023,202.0,328.0,27.0,0.0
1/8/2023,176.0,328.0,27.0,0.0
1/9/2023,170.0,329.0,20.0,1.0
1/10/2023,165.0,329.0,32.0,0.0
1/11/2023,,329.0,21.0,0.0
1/12/2023,149.0,329.0,18.0,0.0
1/13/2023,127.0,330.0,10.0,1.0
1/14/2023,123.0,330.0,7.0,0.0
1/15/2023,120.0,331.0,22.0,1.0
1/16/2023,112.0,331.0,13.0,0.0
1/17/2023,93.0,331.0,12.0,0.0
1/18/2023,80.0,333.0,14.0,2.0
1/19/2023,75.0,333.0,16.0,0.0
1/20/2023,74.0,333.0,1.0,0.0
1/21/2023,74.0,334.0,11.0,1.0
1/22/2023,65.0,334.0,8.0,0.0
1/23/2023,53.0,334.0,15.0,0.0
1/24/2023,58.0,334.0,14.0,0.0
1/25/2023,51.0,334.0,12.0,0.0
1/26/2023,,334.0,8.0,0.0
1/27/2023,50.0,334.0,2.0,0.0
1/28/2023,50.0,334.0,6.0,0.0
1/29/2023,56.0,334.0,14.0,0.0
1/30/2023,52.0,334.0,7.0,0.0
1/31/2023,50.0,334.0,14.0,0.0
2/1/2023,44.0,334.0,2.0,0.0
2/2/2023,37.0,334.0,8.0,0.0
2/3/2023,38.0,334.0,2.0,0.0
2/4/2023,42.0,335.0,10.0,1.0
2/5/2023,32.0,336.0,5.0,1.0
2/6/2023,30.0,336.0,11.0,0.0
2/7/2023,31.0,336.0,7.0,0.0
2/8/2023,36.0,336.0,11.0,0.0
2/9/2023,34.0,336.0,6.0,0.0
2/10/2023,36.0,336.0,3.0,0.0
2/11/2023,42.0,336.0,13.0,0.0
2/12/2023,35.0,336.0,14.0,0.0
2/13/2023,30.0,336.0,5.0,0.0
2/14/2023,36.0,336.0,10.0,0.0
2/15/2023,41.0,336.0,9.0,0.0
2/16/2023,40.0,336.0,4.0,0.0
2/17/2023,36.0,336.0,0.0,0.0
2/18/2023,38.0,336.0,5.0,0.0
2/19/2023,34.0,336.0,4.0,0.0
2/20/2023,26.0,337.0,4.0,1.0
2/21/2023,19.0,337.0,1.0,0.0
2/22/2023,21.0,337.0,8.0,0.0
2/23/2023,22.0,337.0,5.0,0.0
2/24/2023,23.0,337.0,2.0,0.0
2/25/2023,24.0,337.0,4.0,0.0
2/26/2023,32.0,337.0,8.0,0.0
2/27/2023,26.0,337.0,3.0,0.0
2/28/2023,25.0,337.0,2.0,0.0
3/1/2023,27.0,337.0,3.0,0.0
3/2/2023,39.0,337.0,16.0,0.0
3/3/2023,31.0,337.0,1.0,0.0
3/4/2023,28.0,337.0,2.0,0.0
3/5/2023,26.0,337.0,4.0,0.0
3/6/2023,30.0,337.0,8.0,0.0
3/7/2023,28.0,337.0,2.0,0.0
3/8/2023,29.0,337.0,1.0,0.0
3/9/2023,31.0,337.0,7.0,0.0
3/10/2023,32.0,337.0,1.0,0.0
3/11/2023,30.0,337.0,2.0,0.0
3/12/2023,29.0,337.0,3.0,0.0
3/13/2023,30.0,337.0,4.0,0.0
3/14/2023,26.0,337.0,2.0,0.0
3/15/2023,21.0,337.0,5.0,0.0
3/16/2023,21.0,337.0,3.0,0.0
3/17/2023,21.0,337.0,0.0,0.0
3/18/2023,22.0,337.0,4.0,0.0
3/19/2023,22.0,337.0,7.0,0.0
3/20/2023,21.0,337.0,2.0,0.0
3/21/2023,18.0,337.0,4.0,0.0
3/22/2023,17.0,337.0,5.0,0.0
3/23/2023,16.0,337.0,1.0,0.0
3/24/2023,16.0,337.0,0.0,0.0
3/25/2023,22.0,337.0,6.0,0.0
3/26/2023,22.0,337.0,0.0,0.0
3/27/2023,22.0,337.0,4.0,0.0
3/28/2023,20.0,337.0,6.0,0.0
3/29/2023,19.0,337.0,2.0,0.0
3/30/2023,24.0,337.0,6.0,0.0
3/31/2023,21.0,337.0,0.0,0.0
4/1/2023,25.0,337.0,4.0,0.0
4/2/2023,15.0,337.0,3.0,0.0
4/3/2023,14.0,337.0,2.0,0.0
4/4/2023,15.0,337.0,5.0,0.0
4/5/2023,19.0,337.0,5.0,0.0
4/6/2023,24.0,337.0,12.0,0.0
4/7/2023,24.0,337.0,0.0,0.0
4/8/2023,20.0,337.0,1.0,0.0
4/9/2023,19.0,337.0,4.0,0.0
4/10/2023,22.0,337.0,9.0,0.0
4/11/2023,22.0,337.0,6.0,0.0
4/12/2023,25.0,337.0,4.0,0.0
4/13/2023,25.0,338.0,3.0,1.0
4/14/2023,25.0,338.0,0.0,0.0
4/15/2023,25.0,338.0,0.0,0.0
4/16/2023,24.0,338.0,7.0,0.0
4/17/2023,22.0,338.0,5.0,0.0
4/18/2023,25.0,338.0,7.0,0.0
4/19/2023,22.0,338.0,0.0,0.0
4/20/2023,22.0,338.0,1.0,0.0
4/21/2023,22.0,338.0,0.0,0.0
4/22/2023,22.0,338.0,0.0,0.0
4/23/2023,22.0,338.0,0.0,0.0
4/24/2023,26.0,338.0,9.0,0.0
4/25/2023,32.0,338.0,11.0,0.0
4/26/2023,33.0,338.0,8.0,0.0
4/27/2023,37.0,338.0,13.0,0.0
4/28/2023,37.0,338.0,0.0,0.0
4/29/2023,44.0,339.0,15.0,1.0
4/30/2023,44.0,339.0,9.0,0.0
5/1/2023,60.0,339.0,24.0,0.0
5/2/2023,78.0,339.0,27.0,0.0
5/3/2023,74.0,339.0,16.0,0.0
5/4/2023,72.0,339.0,9.0,0.0
5/5/2023,76.0,339.0,4.0,0.0
5/6/2023,85.0,339.0,14.0,0.0
5/7/2023,73.0,339.0,9.0,0.0
5/8/2023,83.0,339.0,34.0,0.0
5/9/2023,77.0,339.0,21.0,0.0
5/10/2023,88.0,339.0,28.0,0.0
5/11/2023,97.0,340.0,19.0,1.0
5/12/2023,97.0,340.0,5.0,0.0
5/13/2023,98.0,340.0,29.0,0.0
5/14/2023,96.0,340.0,18.0,0.0
5/15/2023,93.0,340.0,18.0,0.0
5/16/2023,100.0,340.0,31.0,0.0
5/17/2023,111.0,340.0,38.0,0.0
5/18/2023,127.0,340.0,29.0,0.0
5/19/2023,127.0,340.0,3.0,0.0
5/20/2023,162.0,340.0,52.0,0.0
5/21/2023,151.0,341.0,33.0,1.0
5/22/2023,148.0,341.0,40.0,0.0
5/23/2023,162.0,341.0,46.0,0.0
5/24/2023,164.0,341.0,35.0,0.0
5/25/2023,178.0,341.0,52.0,0.0
5/26/2023,178.0,341.0,4.0,0.0
5/27/2023,202.0,341.0,80.0,0.0
5/28/2023,209.0,341.0,67.0,0.0
5/29/2023,226.0,341.0,72.0,0.0
5/30/2023,246.0,341.0,84.0,0.0
5/31/2023,283.0,341.0,95.0,0.0
6/1/2023,336.0,341.0,112.0,0.0
6/2/2023,332.0,341.0,4.0,0.0
6/3/2023,397.0,341.0,141.0,0.0
6/4/2023,387.0,344.0,97.0,3.0
6/5/2023,392.0,345.0,101.0,1.0
6/6/2023,413.0,345.0,96.0,0.0
6/7/2023,480.0,347.0,147.0,2.0
6/8/2023,506.0,349.0,134.0,2.0
6/9/2023,510.0,349.0,11.0,0.0
6/10/2023,549.0,350.0,156.0,1.0
6/11/2023,603.0,352.0,189.0,2.0
6/12/2023,650.0,354.0,180.0,2.0
6/13/2023,703.0,355.0,211.0,1.0
6/14/2023,806.0,356.0,201.0,1.0
6/15/2023,937.0,357.0,285.0,1.0
6/16/2023,962.0,357.0,39.0,0.0
6/17/2023,1138.0,361.0,477.0,4.0
6/18/2023,1118.0,362.0,305.0,1.0
6/19/2023,1158.0,364.0,322.0,2.0
6/20/2023,1238.0,364.0,334.0,0.0
6/21/2023,1300.0,366.0,360.0,2.0
6/22/2023,1357.0,367.0,369.0,1.0
6/23/2023,1382.0,368.0,46.0,1.0
6/24/2023,1503.0,370.0,500.0,2.0
6/25/2023,1498.0,373.0,399.0,3.0
6/26/2023,1385.0,373.0,371.0,0.0
6/27/2023,1410.0,375.0,145.0,2.0
6/28/2023,1336.0,375.0,108.0,0.0
6/29/2023,1302.0,375.0,44.0,0.0
6/30/2023,1289.0,375.0,72.0,0.0
7/1/2023,1405.0,378.0,270.0,3.0
7/2/2023,1388.0,380.0,509.0,2.0
7/3/2023,1531.0,384.0,436.0,4.0
7/4/2023,1669.0,389.0,678.0,5.0
7/5/2023,1911.0,390.0,584.0,1.0
7/6/2023,2129.0,392.0,661.0,2.0
7/7/2023,2165.0,393.0,182.0,1.0
7/8/2023,2502.0,395.0,820.0,2.0
7/9/2023,2750.0,401.0,836.0,6.0
7/10/2023,3253.0,404.0,889.0,3.0
7/11/2023,3303.0,411.0,1054.0,7.0
7/12/2023,3791.0,416.0,1246.0,5.0
7/13/2023,4069.0,421.0,1239.0,5.0
7/14/2023,4220.0,421.0,449.0,0.0
7/15/2023,4947.0,428.0,1623.0,7.0
7/16/2023,4955.0,434.0,1424.0,6.0
7/17/2023,5441.0,442.0,1589.0,8.0
7/18/2023,5569.0,455.0,1533.0,13.0
7/19/2023,5552.0,474.0,1792.0,19.0
7/20/2023,5937.0,483.0,1755.0,9.0
7/21/2023,6076.0,484.0,896.0,1.0
7/22/2023,6656.0,495.0,2242.0,11.0
7/23/2023,7175.0,504.0,2292.0,9.0
7/24/2023,7463.0,513.0,2293.0,9.0
7/25/2023,7927.0,529.0,2418.0,16.0
7/26/2023,8189.0,543.0,2653.0,14.0
7/27/2023,8467.0,553.0,2361.0,10.0
7/28/2023,8676.0,557.0,1503.0,4.0
7/29/2023,8961.0,567.0,2202.0,10.0
7/30/2023,9418.0,575.0,2231.0,8.0
7/31/2023,9386.0,579.0,2694.0,4.0
8/1/2023,9264.0,589.0,2584.0,10.0
8/2/2023,9325.0,601.0,2711.0,12.0
8/3/2023,9210.0,611.0,2589.0,10.0
8/4/2023,9026.0,621.0,1757.0,10.0
8/5/2023,9334.0,631.0,2495.0,10.0
8/6/2023,9347.0,641.0,2764.0,10.0
8/7/2023,9572.0,655.0,2751.0,14.0
8/8/2023,9463.0,668.0,2742.0,13.0
8/9/2023,9427.0,680.0,2844.0,12.0
8/10/2023,9790.0,692.0,2959.0,12.0
8/11/2023,9675.0,701.0,2046.0,9.0
8/12/2023,9830.0,715.0,2432.0,14.0
8/13/2023,9733.0,726.0,2905.0,11.0
8/14/2023,9431.0,744.0,2480.0,18.0
8/15/2023,9117.0,754.0,1984.0,10.0
8/16/2023,9165.0,763.0,2149.0,9.0
8/17/2023,8661.0,772.0,2288.0,9.0
8/18/2023,7573.0,781.0,1565.0,9.0
8/19/2023,7895.0,794.0,1983.0,13.0
8/20/2023,7582.0,804.0,2134.0,10.0
8/21/2023,7686.0,813.0,2197.0,9.0
8/22/2023,7829.0,821.0,2168.0,8.0
8/23/2023,7825.0,834.0,2070.0,13.0
8/24/2023,7942.0,842.0,2201.0,8.0
8/25/2023,7934.0,856.0,1594.0,14.0
8/26/2023,8236.0,865.0,1960.0,9.0
8/27/2023,8299.0,876.0,2327.0,11.0
8/28/2023,8212.0,884.0,2331.0,8.0
8/29/2023,8218.0,897.0,2291.0,13.0
8/30/2023,8446.0,904.0,2367.0,7.0
8/31/2023,8378.0,921.0,2308.0,17.0
9/1/2023,8348.0,925.0,1534.0,4.0
9/2/2023,8632.0,946.0,2352.0,21.0
9/3/2023,8845.0,962.0,2608.0,16.0
9/4/2023,9069.0,974.0,2823.0,12.0
9/5/2023,9132.0,985.0,2782.0,11.0
9/6/2023,9127.0,999.0,2115.0,14.0
9/7/2023,9711.0,1019.0,2689.0,20.0
9/8/2023,9730.0,1034.0,1876.0,15.0
9/9/2023,10198.0,1044.0,2748.0,10.0
9/10/2023,9871.0,1058.0,2993.0,14.0
9/11/2023,9816.0,1069.0,2944.0,11.0
9/12/2023,10015.0,1080.0,2956.0,11.0
9/13/2023,9988.0,1095.0,2944.0,15.0
9/14/2023,9913.0,1106.0,2663.0,11.0
9/15/2023,9891.0,1118.0,2129.0,12.0
9/16/2023,10330.0,1132.0,2598.0,14.0
9/17/2023,10437.0,1150.0,3122.0,18.0
9/18/2023,10032.0,1167.0,3084.0,17.0
9/19/2023,10102.0,1174.0,3027.0,7.0
9/20/2023,10263.0,1195.0,3015.0,21.0
9/21/2023,10280.0,1203.0,2889.0,8.0
9/22/2023,10071.0,1207.0,2153.0,4.0
9/23/2023,10572.0,1221.0,2865.0,14.0
9/24/2023,10470.0,1237.0,1673.0,16.0
9/25/2023,10147.0,1256.0,1673.0,19.0
9/26/2023,10156.0,1271.0,1673.0,15.0
9/27/2023,9967.0,1286.0,1673.0,15.0
9/28/2023,9797.0,1295.0,1673.0,9.0
9/29/2023,9526.0,1303.0,1673.0,8.0
9/30/2023,9959.0,1317.0,1673.0,14.0
10/1/2023,9357.0,1334.0,1673.0,17.0
10/2/2023,9283.0,1345.0,1673.0,11.0
10/3/2023,9198.0,1358.0,1673.0,13.0
10/4/2023,9284.0,1374.0,1673.0,16.0
10/5/2023,9265.0,1383.0,1673.0,9.0
10/6/2023,8921.0,1392.0,1673.0,9.0
10/7/2023,9171.0,1407.0,1673.0,15.0
10/8/2023,8800.0,1414.0,1673.0,7.0
10/9/2023,8820.0,1424.0,1673.0,10.0
10/10/2023,8602.0,1437.0,1673.0,13.0
10/11/2023,8647.0,1450.0,1673.0,13.0
10/12/2023,8617.0,1463.0,1673.0,13.0
10/13/2023,8248.0,1476.0,1673.0,13.0
10/14/2023,8336.0,1486.0,2047.0,10.0
10/15/2023,8174.0,1497.0,2363.0,11.0
10/16/2023,8149.0,1509.0,2475.0,12.0
10/17/2023,8224.0,1518.0,2609.0,9.0
10/18/2023,8299.0,1534.0,2495.0,16.0
10/19/2023,8232.0,1542.0,2350.0,8.0
10/20/2023,8003.0,1554.0,1558.0,12.0
10/21/2023,8114.0,1574.0,1889.0,20.0
10/22/2023,7677.0,1583.0,2056.0,9.0
10/23/2023,7589.0,1600.0,2014.0,17.0
10/24/2023,7546.0,1612.0,1852.0,12.0
10/25/2023,7599.0,1623.0,1917.0,11.0
10/26/2023,7145.0,1634.0,1802.0,11.0
10/27/2023,6798.0,1645.0,1431.0,11.0
10/28/2023,7091.0,1655.0,1800.0,10.0
10/29/2023,6803.0,1661.0,1818.0,6.0
10/30/2023,6463.0,1669.0,1708.0,8.0
10/31/2023,6527.0,1676.0,1787.0,7.0
11/1/2023,6346.0,1683.0,1903.0,7.0
11/2/2023,6270.0,1698.0,1728.0,15.0
11/3/2023,6267.0,1708.0,1357.0,10.0
11/4/2023,6636.0,1721.0,1638.0,13.0
11/5/2023,6704.0,1736.0,2103.0,15.0
11/6/2023,662.0,1745.0,1794.0,9.0
11/7/2023,6555.0,1753.0,1895.0,8.0
11/8/2023,6413.0,1760.0,1912.0,7.0
11/9/2023,6360.0,1777.0,1734.0,17.0
11/10/2023,6208.0,1788.0,1333.0,11.0
11/11/2023,6373.0,1794.0,1512.0,6.0
11/12/2023,6183.0,1804.0,1748.0,10.0
11/13/2023,6017.0,1812.0,1740.0,8.0
11/14/2023,5905.0,1824.0,1470.0,12.0
11/15/2023,5755.0,1848.0,1623.0,24.0
11/16/2023,5558.0,1856.0,1429.0,8.0
11/17/2023,5245.0,1867.0,956.0,11.0
11/18/2023,5186.0,1871.0,914.0,4.0
11/19/2023,4949.0,1877.0,1291.0,6.0
11/20/2023,4653.0,1882.0,1197.0,5.0
11/21/2023,4462.0,1890.0,1084.0,8.0
11/22/2023,4178.0,1898.0,1162.0,8.0
11/23/2023,4124.0,1905.0,1094.0,7.0
11/24/2023,3848.0,1911.0,645.0,6.0
11/25/2023,3924.0,1923.0,759.0,12.0
11/26/2023,3595.0,1926.0,971.0,3.0
11/27/2023,3493.0,1934.0,920.0,8.0
11/28/2023,3567.0,1938.0,959.0,4.0
11/29/2023,3587.0,1943.0,868.0,5.0
11/30/2023,3479.0,1950.0,877.0,7.0
12/1/2023,3358.0,1956.0,468.0,6.0
12/2/2023,3416.0,1957.0,605.0,1.0
12/3/2023,2970.0,1960.0,742.0,3.0
12/4/2023,2689.0,1962.0,682.0,2.0
12/5/2023,2667.0,1967.0,669.0,5.0
12/6/2023,3614.0,1969.0,566.0,2.0
12/7/2023,2571.0,1971.0,537.0,2.0
12/8/2023,2384.0,1978.0,451.0,7.0
12/9/2023,2412.0,1980.0,362.0,2.0
12/10/2023,2291.0,1989.0,459.0,9.0
12/11/2023,2047.0,1993.0,413.0,4.0
12/12/2023,1981.0,1995.0,311.0,2.0
12/13/2023,1891.0,2002.0,349.0,7.0
12/14/2023,1823.0,2004.0,308.0,2.0
12/15/2023,1741.0,2006.0,190.0,2.0
12/16/2023,1680.0,2006.0,179.0,0.0
12/17/2023,1563.0,2010.0,254.0,4.0
12/18/2023,1456.0,2014.0,239.0,4.0
12/19/2023,1337.0,2016.0,196.0,2.0
12/20/2023,1297.0,2020.0,207.0,4.0
12/21/2023,1246.0,2020.0,177.0,0.0
12/22/2023,1193.0,2020.0,103.0,0.0
12/23/2023,1181.0,2021.0,114.0,1.0
12/24/2023,1101.0,2025.0,188.0,4.0
12/25/2023,1003.0,2026.0,89.0,1.0
12/26/2023,983.0,2026.0,152.0,0.0
12/27/2023,902.0,2027.0,134.0,1.0
12/28/2023,867.0,2029.0,110.0,2.0
12/29/2023,728.0,2030.0,56.0,1.0
12/30/2023,734.0,2031.0,72.0,1.0
12/31/2023,725.0,2033.0,106.0,2.0
1/1/2024,85.0,2033.0,85.0,0.0
1/2/2024,60.0,2034.0,60.0,1.0
1/3/2024,70.0,2035.0,70.0,1.0
1/4/2024,75.0,2036.0,75.0,1.0
1/5/2024,33.0,2036.0,33.0,0.0
1/6/2024,42.0,2036.0,42.0,0.0
1/7/2024,13.0,2036.0,13.0,0.0
1/8/2024,62.0,2036.0,62.0,0.0
1/9/2024,45.0,2037.0,45.0,1.0
1/10/2024,59.0,2037.0,59.0,0.0
1/11/2024,46.0,2037.0,46.0,0.0
1/12/2024,17.0,2037.0,17.0,0.0
1/13/2024,25.0,2038.0,25.0,1.0
1/14/2024,38.0,2040.0,38.0,2.0
1/15/2024,33.0,2040.0,33.0,0.0
1/16/2024,30.0,2041.0,30.0,1.0
1/17/2024,23.0,2043.0,23.0,2.0
1/18/2024,29.0,2044.0,29.0,1.0
1/19/2024,18.0,2044.0,18.0,0.0
1/20/2024,18.0,2046.0,18.0,2.0
1/21/2024,32.0,2047.0,32.0,1.0
1/22/2024,30.0,2047.0,30.0,0.0
1/23/2024,24.0,2047.0,24.0,0.0
1/24/2024,20.0,2047.0,20.0,0.0
1/25/2024,18.0,2047.0,18.0,0.0
1/26/2024,14.0,2047.0,14.0,0.0
1/27/2024,22.0,2047.0,22.0,0.0
1/28/2024,25.0,2047.0,25.0,0.0
1/29/2024,14.0,2047.0,14.0,0.0
1/30/2024,15.0,2047.0,15.0,0.0
1/31/2024,20.0,2047.0,20.0,0.0
2/1/2024,17.0,2047.0,17.0,0.0
2/2/2024,11.0,2047.0,11.0,0.0
2/3/2024,10.0,2048.0,10.0,1.0
2/4/2024,28.0,2048.0,28.0,0.0
2/5/2024,11.0,2049.0,11.0,1.0
2/6/2024,22.0,2049.0,22.0,0.0
2/7/2024,25.0,2049.0,25.0,0.0
2/8/2024,20.0,2049.0,20.0,0.0
2/9/2024,3.0,2049.0,3.0,0.0
2/10/2024,8.0,2049.0,8.0,0.0
2/11/2024,14.0,2049.0,14.0,0.0
2/12/2024,7.0,2049.0,7.0,0.0
2/13/2024,13.0,2049.0,13.0,0.0
2/14/2024,8.0,2049.0,8.0,0.0
2/15/2024,5.0,2049.0,5.0,0.0
2/16/2024,3.0,2049.0,3.0,0.0
2/17/2024,11.0,2049.0,11.0,0.0
2/18/2024,7.0,2049.0,7.0,0.0
2/19/2024,11.0,2049.0,11.0,0.0
2/20/2024,6.0,2049.0,6.0,0.0
2/21/2024,5.0,2049.0,5.0,0.0
2/22/2024,16.0,2050.0,16.0,1.0
2/23/2024,3.0,2050.0,3.0,0.0
2/24/2024,11.0,2050.0,11.0,0.0
2/25/2024,20.0,2050.0,20.0,0.0
2/26/2024,6.0,2050.0,6.0,0.0
2/27/2024,19.0,2050.0,19.0,0.0
2/28/2024,9.0,2050.0,9.0,0.0
2/29/2024,10.0,2050.0,10.0,0.0
3/1/2024,4.0,2050.0,4.0,0.0
3/2/2024,9.0,2050.0,9.0,0.0
3/3/2024,10.0,2050.0,10.0,0.0
3/4/2024,10.0,2050.0,10.0,0.0
3/5/2024,3.0,2050.0,3.0,0.0
3/6/2024,13.0,2050.0,13.0,0.0
3/7/2024,12.0,2051.0,12.0,1.0
3/8/2024,11.0,2051.0,11.0,0.0
3/9/2024,6.0,2051.0,6.0,0.0
3/10/2024,12.0,2053.0,12.0,2.0
3/11/2024,10.0,2053.0,10.0,0.0
3/12/2024,8.0,2053.0,8.0,0.0
3/13/2024,8.0,2053.0,8.0,0.0
3/14/2024,15.0,2053.0,15.0,0.0
3/15/2024,2.0,2053.0,2.0,0.0
3/16/2024,10.0,2053.0,10.0,0.0
3/17/2024,9.0,2053.0,9.0,0.0
3/18/2024,20.0,2053.0,20.0,0.0
3/19/2024,19.0,2053.0,19.0,0.0
3/20/2024,14.0,2054.0,14.0,1.0
3/21/2024,11.0,2054.0,11.0,0.0
3/22/2024,6.0,2054.0,6.0,0.0
3/23/2024,4.0,2055.0,4.0,1.0
3/24/2024,11.0,2055.0,11.0,0.0
3/25/2024,10.0,2055.0,10.0,0.0
3/26/2024,4.0,2055.0,4.0,0.0
3/27/2024,14.0,2055.0,14.0,0.0
3/28/2024,10.0,2055.0,10.0,0.0
3/29/2024,4.0,2055.0,4.0,0.0
3/30/2024,11.0,2055.0,11.0,0.0
3/31/2024,21.0,2055.0,21.0,0.0
4/1/2024,14.0,2055.0,14.0,0.0
4/2/2024,10.0,2055.0,10.0,0.0
4/3/2024,6.0,2055.0,6.0,0.0
4/4/2024,11.0,2055.0,11.0,0.0
4/5/2024,1.0,2055.0,1.0,0.0
4/6/2024,9.0,2055.0,9.0,0.0
4/7/2024,13.0,2055.0,13.0,0.0
4/8/2024,5.0,2055.0,5.0,0.0
4/9/2024,15.0,2055.0,15.0,0.0
4/10/2024,0.0,2055.0,0.0,0.0
4/11/2024,18.0,2055.0,18.0,0.0
4/12/2024,2.0,2055.0,2.0,0.0
4/13/2024,14.0,2056.0,14.0,1.0
4/14/2024,8.0,2056.0,8.0,0.0
4/15/2024,34.0,2056.0,34.0,0.0
4/16/2024,34.0,2056.0,34.0,0.0
4/17/2024,17.0,2056.0,17.0,0.0
4/18/2024,23.0,2057.0,23.0,1.0
4/19/2024,13.0,2057.0,13.0,0.0
4/20/2024,17.0,2057.0,17.0,0.0
4/21/2024,34.0,2057.0,34.0,0.0
4/22/2024,37.0,2057.0,37.0,0.0
4/23/2024,11.0,2057.0,11.0,0.0
4/24/2024,33.0,2057.0,33.0,0.0
4/25/2024,19.0,2057.0,19.0,0.0
4/26/2024,8.0,2057.0,8.0,0.0
4/27/2024,15.0,2057.0,15.0,0.0
4/28/2024,31.0,2057.0,31.0,0.0
4/29/2024,28.0,2057.0,28.0,0.0
4/30/2024,24.0,2057.0,24.0,0.0
5/1/2024,11.0,2057.0,11.0,0.0
5/2/2024,19.0,2057.0,19.0,0.0
5/3/2024,9.0,2060.0,9.0,3.0
5/4/2024,13.0,2060.0,13.0,0.0
5/5/2024,27.0,2060.0,27.0,0.0
5/6/2024,35.0,2060.0,35.0,0.0
5/7/2024,15.0,2060.0,15.0,0.0
5/8/2024,22.0,2061.0,22.0,1.0
5/9/2024,31.0,2062.0,31.0,1.0
5/10/2024,6.0,2062.0,6.0,0.0
5/11/2024,17.0,2062.0,17.0,0.0
5/12/2024,46.0,2062.0,46.0,0.0
5/13/2024,34.0,2062.0,34.0,0.0
5/14/2024,30.0,2062.0,30.0,0.0
5/15/2024,21.0,2065.0,21.0,3.0
5/16/2024,24.0,2065.0,24.0,0.0
5/17/2024,12.0,2066.0,12.0,1.0
5/18/2024,13.0,2066.0,13.0,0.0
5/19/2024,34.0,2066.0,34.0,0.0
5/20/2024,27.0,2066.0,27.0,0.0
5/21/2024,21.0,2066.0,21.0,0.0
5/22/2024,7.0,2066.0,7.0,0.0
5/23/2024,31.0,2066.0,31.0,0.0
5/24/2024,12.0,2066.0,12.0,0.0
5/25/2024,19.0,2066.0,19.0,0.0
5/26/2024,28.0,2066.0,28.0,0.0
5/27/2024,16.0,2067.0,16.0,1.0
5/28/2024,6.0,2068.0,6.0,1.0
5/29/2024,15.0,2068.0,15.0,0.0
5/30/2024,25.0,2069.0,25.0,1.0
5/31/2024,18.0,2069.0,18.0,0.0
6/1/2024,16.0,2069.0,16.0,0.0
6/2/2024,34.0,2069.0,34.0,0.0
6/3/2024,22.0,2069.0,22.0,0.0
6/4/2024,35.0,2069.0,35.0,0.0
6/5/2024,24.0,2070.0,24.0,1.0
6/6/2024,19.0,2070.0,19.0,0.0
6/7/2024,16.0,2070.0,16.0,0.0
6/8/2024,12.0,2070.0,12.0,0.0
6/9/2024,25.0,2071.0,25.0,1.0
6/10/2024,47.0,2072.0,47.0,1.0
6/11/2024,15.0,2072.0,15.0,0.0
6/12/2024,32.0,2072.0,32.0,0.0
6/13/2024,31.0,2072.0,31.0,0.0
6/14/2024,15.0,2072.0,15.0,0.0
6/15/2024,11.0,2073.0,11.0,1.0
6/16/2024,4.0,2073.0,4.0,0.0
6/17/2024,0.0,2073.0,0.0,0.0
6/18/2024,7.0,2073.0,7.0,0.0
6/19/2024,59.0,2074.0,59.0,1.0
6/20/2024,27.0,2074.0,27.0,0.0
6/21/2024,11.0,2074.0,11.0,0.0
6/22/2024,28.0,2074.0,28.0,0.0
6/23/2024,42.0,2074.0,42.0,0.0
6/24/2024,34.0,2074.0,34.0,0.0
6/25/2024,43.0,2075.0,43.0,1.0
6/26/2024,34.0,2076.0,34.0,1.0
6/27/2024,42.0,2076.0,42.0,0.0
6/28/2024,9.0,2076.0,9.0,0.0
6/29/2024,60.0,2076.0,60.0,0.0
6/30/2024,44.0,2077.0,44.0,1.0
7/1/2024,51.0,2078.0,51.0,1.0
7/2/2024,49.0,2079.0,49.0,1.0
7/3/2024,61.0,2079.0,61.0,0.0
7/4/2024,32.0,2079.0,32.0,0.0
7/5/2024,22.0,2079.0,22.0,0.0
7/6/2024,26.0,2079.0,26.0,0.0
7/7/2024,86.0,2079.0,86.0,0.0
7/8/2024,63.0,2080.0,63.0,1.0
7/9/2024,88.0,2080.0,88.0,0.0
7/10/2024,79.0,2080.0,79.0,0.0
7/11/2024,103.0,2080.0,103.0,0.0
7/12/2024,25.0,2080.0,25.0,0.0
7/13/2024,75.0,2081.0,75.0,1.0
7/14/2024,155.0,2081.0,155.0,0.0
7/15/2024,112.0,2083.0,112.0,2.0
7/16/2024,110.0,2083.0,110.0,0.0
7/17/2024,25.0,2083.0,25.0,0.0
7/18/2024,,,,
7/19/2024,,,,
7/20/2024,,,,
7/21/2024,,,,
7/22/2024,,,,
7/23/2024,,,,
7/24/2024,174.0,2083.0,174.0,0.0
7/25/2024,263.0,2083.0,263.0,0.0
7/26/2024,148.0,2084.0,148.0,1.0
7/27/2024,98.0,2086.0,98.0,2.0
7/28/2024,272.0,2088.0,272.0,2.0
7/29/2024,226.0,2088.0,226.0,0.0
7/30/2024,150.0,2089.0,150.0,1.0
7/31/2024,176.0,2089.0,176.0,0.0
8/1/2024,197.0,2090.0,197.0,1.0
8/2/2024,80.0,2091.0,80.0,1.0
8/3/2024,154.0,2091.0,154.0,0.0
8/4/2024,211.0,2091.0,211.0,0.0
8/5/2024,35.0,2091.0,35.0,0.0
8/6/2024,192.0,2093.0,192.0,2.0
8/7/2024,159.0,2093.0,159.0,0.0
8/8/2024,181.0,2095.0,181.0,2.0
8/9/2024,34.0,2095.0,34.0,0.0
8/10/2024,204.0,2097.0,204.0,2.0
8/11/2024,202.0,2098.0,202.0,1.0
8/12/2024,285.0,2100.0,285.0,2.0
8/13/2024,215.0,2102.0,215.0,2.0
8/14/2024,233.0,2104.0,233.0,2.0
8/15/2024,228.0,2107.0,228.0,3.0
8/16/2024,50.0,2107.0,50.0,0.0
8/17/2024,237.0,2107.0,237.0,0.0
8/18/2024,334.0,2107.0,334.0,0.0
8/19/2024,265.0,2107.0,265.0,0.0
8/20/2024,249.0,2108.0,249.0,1.0
8/21/2024,296.0,2109.0,296.0,1.0
8/22/2024,217.0,2110.0,217.0,1.0
8/23/2024,78.0,2110.0,78.0,0.0
8/24/2024,303.0,2110.0,303.0,0.0
8/25/2024,319.0,2111.0,319.0,1.0
8/26/2024,105.0,2111.0,105.0,0.0
8/27/2024,364.0,2112.0,364.0,1.0
8/28/2024,326.0,2112.0,326.0,0.0
8/29/2024,269.0,2112.0,269.0,0.0
8/30/2024,153.0,2112.0,153.0,0.0
8/31/2024,346.0,2116.0,346.0,4.0
